CREATE DATABASE  IF NOT EXISTS `Bf5Betting` /*!40100 DEFAULT CHARACTER SET utf8mb4 COLLATE utf8mb4_0900_ai_ci */ /*!80016 DEFAULT ENCRYPTION='N' */;
USE `Bf5Betting`;
-- MySQL dump 10.13  Distrib 8.0.36, for macos14 (x86_64)
--
-- Host: 139.180.191.134    Database: Bf5Betting
-- ------------------------------------------------------
-- Server version	8.4.0

/*!40101 SET @OLD_CHARACTER_SET_CLIENT=@@CHARACTER_SET_CLIENT */;
/*!40101 SET @OLD_CHARACTER_SET_RESULTS=@@CHARACTER_SET_RESULTS */;
/*!40101 SET @OLD_COLLATION_CONNECTION=@@COLLATION_CONNECTION */;
/*!50503 SET NAMES utf8 */;
/*!40103 SET @OLD_TIME_ZONE=@@TIME_ZONE */;
/*!40103 SET TIME_ZONE='+00:00' */;
/*!40014 SET @OLD_UNIQUE_CHECKS=@@UNIQUE_CHECKS, UNIQUE_CHECKS=0 */;
/*!40014 SET @OLD_FOREIGN_KEY_CHECKS=@@FOREIGN_KEY_CHECKS, FOREIGN_KEY_CHECKS=0 */;
/*!40101 SET @OLD_SQL_MODE=@@SQL_MODE, SQL_MODE='NO_AUTO_VALUE_ON_ZERO' */;
/*!40111 SET @OLD_SQL_NOTES=@@SQL_NOTES, SQL_NOTES=0 */;

--
-- Table structure for table `BetHistory`
--

DROP TABLE IF EXISTS `BetHistory`;
/*!40101 SET @saved_cs_client     = @@character_set_client */;
/*!50503 SET character_set_client = utf8mb4 */;
CREATE TABLE `BetHistory` (
  `betId` bigint NOT NULL,
  `playerId` varchar(16) NOT NULL,
  `betType` varchar(16) NOT NULL DEFAULT 'SINGLE',
  `metadata` varchar(256) DEFAULT NULL,
  `betAmount` bigint NOT NULL DEFAULT '0',
  `ratio` decimal(7,5) NOT NULL DEFAULT '0.00000',
  `potentialProfit` bigint NOT NULL DEFAULT '0',
  `result` varchar(16) NOT NULL DEFAULT 'NOT_FINISHED',
  `resultSettledTime` timestamp NULL DEFAULT NULL,
  `actualProfit` bigint DEFAULT NULL,
  `betTime` timestamp NOT NULL,
  `updatedAt` timestamp NOT NULL DEFAULT CURRENT_TIMESTAMP ON UPDATE CURRENT_TIMESTAMP,
  PRIMARY KEY (`betId`),
  KEY `idx_playerId_betTime` (`playerId`,`betTime`),
  KEY `idx_result_betTime` (`result`,`betTime`)
) ENGINE=InnoDB DEFAULT CHARSET=utf8mb4 COLLATE=utf8mb4_0900_ai_ci;
/*!40101 SET character_set_client = @saved_cs_client */;

--
-- Dumping data for table `BetHistory`
--

LOCK TABLES `BetHistory` WRITE;
/*!40000 ALTER TABLE `BetHistory` DISABLE KEYS */;
INSERT INTO `BetHistory` VALUES (50891393045,'100010972726703','SINGLE',NULL,100000,8.00000,700000,'NOT_FINISHED',NULL,NULL,'2024-06-12 13:46:00','2024-06-14 09:14:04'),(50891401989,'100002362515754','SINGLE',NULL,200000,6.50000,1100000,'NOT_FINISHED',NULL,NULL,'2024-06-12 13:47:00','2024-06-14 09:20:25'),(50891749425,'100004533095969','SINGLE',NULL,100000,16.00000,1500000,'NOT_FINISHED',NULL,NULL,'2024-06-12 13:59:00','2024-06-14 09:19:52'),(50891953617,'100010972726703','SINGLE',NULL,100000,12.70000,1170000,'NOT_FINISHED',NULL,NULL,'2024-06-12 14:07:00','2024-06-14 09:14:04'),(50911194883,'100004614064009','SINGLE',NULL,50000,9.00000,400000,'NOT_FINISHED',NULL,NULL,'2024-06-13 05:12:00','2024-06-14 09:20:05'),(50923863155,'100004056801368','SINGLE',NULL,150000,4.95000,592500,'NOT_FINISHED',NULL,NULL,'2024-06-13 15:26:00','2024-06-14 09:17:20'),(50923874695,'100004056801368','SINGLE',NULL,150000,16.00000,2250000,'NOT_FINISHED',NULL,NULL,'2024-06-13 15:27:00','2024-06-14 09:17:20'),(50925476251,'100004056801368','SINGLE',NULL,500000,3.25000,1125000,'NOT_FINISHED',NULL,NULL,'2024-06-13 16:13:00','2024-06-14 09:17:20'),(50925486627,'100004056801368','SINGLE',NULL,200000,5.00000,800000,'NOT_FINISHED',NULL,NULL,'2024-06-13 16:14:00','2024-06-14 09:17:21'),(50938828043,'100003664809869','SINGLE',NULL,200000,2.07200,214400,'LOST','2024-06-14 21:39:14',-200000,'2024-06-14 01:36:00','2024-06-14 21:39:14'),(50939010791,'100004614064009','SINGLE',NULL,20000,1.29500,5900,'WIN','2024-06-14 21:39:14',5900,'2024-06-14 01:50:00','2024-06-14 21:39:14'),(50939014613,'100004533095969','SINGLE',NULL,20000,2.35000,27000,'WIN','2024-06-14 21:39:14',27000,'2024-06-14 01:51:00','2024-06-14 21:39:14'),(50940618915,'100010972726703','SINGLE',NULL,30000,1.87700,26310,'WIN','2024-06-14 21:39:14',26310,'2024-06-14 04:32:00','2024-06-14 21:39:14'),(50940621757,'100010972726703','SINGLE',NULL,30000,1.91400,27420,'WIN','2024-06-14 21:39:14',27420,'2024-06-14 04:33:00','2024-06-14 21:39:14'),(50951174541,'100004056801368','SINGLE',NULL,30000,1.62000,18600,'WIN','2024-06-14 19:39:14',18600,'2024-06-14 13:29:00','2024-06-14 19:39:14'),(50951196569,'100004056801368','SINGLE',NULL,30000,1.28000,8400,'DRAW','2024-06-14 19:39:14',0,'2024-06-14 13:30:00','2024-06-14 19:39:14'),(50951980635,'100004056801368','SINGLE',NULL,50000,1.97000,48500,'WIN','2024-06-14 21:39:14',48500,'2024-06-14 13:58:00','2024-06-14 21:39:14'),(50952003761,'100002362515754','SINGLE',NULL,60000,1.84600,50760,'WIN','2024-06-14 21:39:14',50760,'2024-06-14 13:59:00','2024-06-14 21:39:14'),(50952342189,'100004056801368','SINGLE',NULL,50000,1.39000,19500,'WIN','2024-06-14 19:39:14',19500,'2024-06-14 14:11:00','2024-06-14 19:39:14'),(50973956023,'100010972726703','SINGLE',NULL,30000,1.78900,23670,'WIN','2024-06-15 15:21:02',23670,'2024-06-15 04:26:00','2024-06-15 15:21:03'),(50973960463,'100010972726703','SINGLE',NULL,30000,1.90400,27120,'LOST','2024-06-15 15:21:02',-30000,'2024-06-15 04:27:00','2024-06-15 15:21:03'),(50973967673,'100010972726703','SINGLE',NULL,30000,1.93800,28140,'LOST','2024-06-15 21:51:57',-30000,'2024-06-15 04:27:00','2024-06-15 21:52:01'),(50973970373,'100010972726703','SINGLE',NULL,30000,1.99100,29730,'LOST','2024-06-15 21:51:57',-30000,'2024-06-15 04:27:00','2024-06-15 21:52:01'),(50975606043,'100004533095969','SINGLE',NULL,20000,2.60000,32000,'LOST','2024-06-15 15:21:02',-20000,'2024-06-15 06:19:00','2024-06-15 15:21:03'),(50975612743,'100004533095969','SINGLE',NULL,20000,2.23400,24680,'WIN','2024-06-15 21:51:57',24680,'2024-06-15 06:20:00','2024-06-15 21:52:01'),(50975733235,'100002362515754','SINGLE',NULL,100000,1.96200,96200,'WIN','2024-06-15 21:51:57',96200,'2024-06-15 06:26:00','2024-06-15 21:52:01'),(50975782619,'100002362515754','ACCUMULATOR',NULL,100000,3.77880,277880,'LOST','2024-06-15 21:51:56',-100000,'2024-06-15 06:29:00','2024-06-15 21:52:01'),(50976733373,'100004614064009','SINGLE',NULL,20000,1.96200,19240,'WIN','2024-06-15 21:51:56',19240,'2024-06-15 07:18:00','2024-06-15 21:52:01'),(50977408557,'100004614064009','SINGLE',NULL,20000,1.93000,18600,'LOST','2024-06-15 15:21:02',-20000,'2024-06-15 07:51:00','2024-06-15 15:21:03'),(50982956553,'100004056801368','SINGLE',NULL,50000,2.16600,58300,'WIN','2024-06-15 21:51:56',58300,'2024-06-15 11:14:00','2024-06-15 21:52:01'),(50983704533,'100004056801368','SINGLE',NULL,50000,2.07000,53499,'WIN','2024-06-15 15:21:02',53500,'2024-06-15 11:38:00','2024-06-15 15:21:03'),(50983712599,'100004056801368','SINGLE',NULL,50000,1.70000,35000,'WIN','2024-06-15 15:21:02',35000,'2024-06-15 11:38:00','2024-06-15 15:21:03'),(50988730563,'100002362515754','SINGLE',NULL,100000,1.78000,78000,'WIN','2024-06-15 21:51:56',78000,'2024-06-15 13:59:00','2024-06-15 21:52:01'),(50989177217,'100004056801368','SINGLE',NULL,50000,1.59000,29500,'WIN','2024-06-15 21:51:56',29500,'2024-06-15 14:11:00','2024-06-15 21:52:01'),(50992462089,'100004533095969','SINGLE',NULL,20000,2.03000,20599,'LOST','2024-06-15 21:51:56',-20000,'2024-06-15 15:37:00','2024-06-15 21:52:01'),(50992531589,'100010972726703','SINGLE',NULL,30000,2.08400,32520,'WIN','2024-06-15 21:51:55',32520,'2024-06-15 15:39:00','2024-06-15 21:52:01'),(50995813721,'100004614064009','SINGLE',NULL,20000,1.52200,10440,'DRAW','2024-06-15 21:51:55',0,'2024-06-15 17:03:00','2024-06-15 21:52:01'),(51012715193,'100002362515754','SINGLE',NULL,30000,1.94000,28200,'LOST','2024-06-16 15:49:53',-30000,'2024-06-16 03:47:00','2024-06-16 15:49:52'),(51012719713,'100010972726703','SINGLE',NULL,30000,1.80700,24210,'DRAW','2024-06-16 23:31:51',0,'2024-06-16 03:48:00','2024-06-16 23:31:51'),(51012722143,'100002362515754','SINGLE',NULL,30000,1.99100,29730,'WIN','2024-06-16 23:31:51',29730,'2024-06-16 03:48:00','2024-06-16 23:31:51'),(51012730837,'100010972726703','SINGLE',NULL,30000,1.86100,25830,'LOST','2024-06-16 23:31:51',-30000,'2024-06-16 03:49:00','2024-06-16 23:31:51'),(51014530515,'100010972726703','SINGLE',NULL,30000,1.95900,28770,'LOST','2024-06-16 23:31:51',-30000,'2024-06-16 05:51:00','2024-06-16 23:31:51'),(51014542563,'100010972726703','SINGLE',NULL,30000,1.98100,29430,'WIN','2024-06-16 15:49:53',29430,'2024-06-16 05:51:00','2024-06-16 15:49:52'),(51019171711,'100004533095969','SINGLE',NULL,20000,1.91000,18200,'DRAW','2024-06-16 15:49:53',0,'2024-06-16 09:16:00','2024-06-16 15:49:52'),(51019186593,'100004533095969','SINGLE',NULL,20000,1.84200,16840,'LOST','2024-06-16 23:31:51',-20000,'2024-06-16 09:17:00','2024-06-16 23:31:51'),(51019198447,'100004533095969','SINGLE',NULL,20000,2.33000,26600,'LOST','2024-06-16 23:31:51',-20000,'2024-06-16 09:17:00','2024-06-16 23:31:51'),(51021347247,'100004056801368','SINGLE',NULL,50000,1.68000,34000,'WIN','2024-06-16 15:49:52',34000,'2024-06-16 10:31:00','2024-06-16 15:49:52'),(51021358419,'100004056801368','SINGLE',NULL,50000,1.42000,21000,'LOST','2024-06-16 23:31:51',-50000,'2024-06-16 10:31:00','2024-06-16 23:31:51'),(51021384505,'100004056801368','SINGLE',NULL,50000,2.35800,67900,'LOST','2024-06-16 23:31:51',-50000,'2024-06-16 10:32:00','2024-06-16 23:31:51'),(51021523219,'100002362515754','ACCUMULATOR',NULL,100000,4.06120,306120,'LOST','2024-06-16 23:31:51',-100000,'2024-06-16 10:37:00','2024-06-16 23:31:51'),(51021552719,'100002362515754','SINGLE',NULL,100000,2.12000,112000,'WIN','2024-06-16 23:31:51',112000,'2024-06-16 10:38:00','2024-06-16 23:31:51'),(51023882715,'100004056801368','SINGLE',NULL,50000,1.95200,47600,'WIN','2024-06-16 15:49:52',47600,'2024-06-16 11:50:00','2024-06-16 15:49:52'),(51023893829,'100004614064009','SINGLE',NULL,20000,1.79800,15960,'DRAW','2024-06-16 15:49:52',0,'2024-06-16 11:50:00','2024-06-16 15:49:52'),(51023907225,'100004614064009','SINGLE',NULL,20000,2.05200,21040,'HALF_LOST','2024-06-16 23:31:51',-10000,'2024-06-16 11:51:00','2024-06-16 23:31:51'),(51023917751,'100004614064009','SINGLE',NULL,20000,1.50900,10179,'WIN','2024-06-16 23:31:51',10180,'2024-06-16 11:51:00','2024-06-16 23:31:51'),(51026203443,'100004056801368','SINGLE',NULL,50000,1.79000,39500,'WIN','2024-06-16 15:49:52',39500,'2024-06-16 12:53:00','2024-06-16 15:49:52'),(51050844561,'100010972726703','SINGLE',NULL,30000,1.82800,24840,'NOT_FINISHED',NULL,NULL,'2024-06-17 04:29:00','2024-06-17 04:31:24'),(51050848963,'100010972726703','SINGLE',NULL,30000,1.88300,26490,'NOT_FINISHED',NULL,NULL,'2024-06-17 04:30:00','2024-06-17 04:31:24'),(51054324855,'100004614064009','SINGLE',NULL,20000,1.33000,6600,'LOST','2024-06-17 15:23:27',-20000,'2024-06-17 08:49:00','2024-06-17 15:23:27'),(51054328765,'100004614064009','SINGLE',NULL,20000,1.56300,11260,'NOT_FINISHED',NULL,NULL,'2024-06-17 08:50:00','2024-06-17 08:52:33'),(51054332377,'100004614064009','SINGLE',NULL,20000,2.04400,20880,'NOT_FINISHED',NULL,NULL,'2024-06-17 08:50:00','2024-06-17 08:52:33'),(51054341545,'100002362515754','SINGLE',NULL,100000,2.04400,104400,'NOT_FINISHED',NULL,NULL,'2024-06-17 08:50:00','2024-06-17 08:52:23'),(51054365327,'100002362515754','ACCUMULATOR',NULL,100000,2.81030,181030,'NOT_FINISHED',NULL,NULL,'2024-06-17 08:52:00','2024-06-17 08:52:24'),(51055139075,'100004533095969','SINGLE',NULL,20000,1.75400,15080,'LOST','2024-06-17 15:24:13',-20000,'2024-06-17 09:30:00','2024-06-17 15:24:13'),(51055152773,'100004533095969','SINGLE',NULL,20000,1.55300,11060,'NOT_FINISHED',NULL,NULL,'2024-06-17 09:31:00','2024-06-17 09:32:23'),(51055160015,'100004533095969','SINGLE',NULL,20000,1.48000,9600,'NOT_FINISHED',NULL,NULL,'2024-06-17 09:31:00','2024-06-17 09:32:23'),(51055209663,'100002362515754','ACCUMULATOR',NULL,20000,4.63431,72686,'NOT_FINISHED',NULL,NULL,'2024-06-17 09:34:00','2024-06-17 09:35:11'),(51058208541,'100004056801368','SINGLE',NULL,50000,1.87700,43850,'NOT_FINISHED',NULL,NULL,'2024-06-17 11:42:00','2024-06-17 12:39:16'),(51059574409,'100002362515754','SINGLE',NULL,50000,2.16600,58300,'WIN','2024-06-17 15:22:23',58300,'2024-06-17 12:31:00','2024-06-17 15:22:23'),(51059609271,'100004056801368','SINGLE',NULL,50000,1.38000,19000,'NOT_FINISHED',NULL,NULL,'2024-06-17 12:32:00','2024-06-17 12:39:18'),(51059667329,'100004056801368','SINGLE',NULL,50000,1.78000,39000,'LOST','2024-06-17 15:24:50',-50000,'2024-06-17 12:34:00','2024-06-17 15:24:50'),(51060405773,'100004056801368','SINGLE',NULL,50000,1.80000,40000,'LOST','2024-06-17 15:22:59',-50000,'2024-06-17 12:56:00','2024-06-17 15:22:59'),(51062698739,'100004056801368','SINGLE',NULL,50000,1.51000,25500,'NOT_FINISHED',NULL,NULL,'2024-06-17 14:06:00','2024-06-17 14:30:44'),(51063035833,'100004056801368','SINGLE',NULL,50000,1.50100,25050,'NOT_FINISHED',NULL,NULL,'2024-06-17 14:17:00','2024-06-17 14:30:45'),(51063296631,'100002362515754','SINGLE',NULL,100000,1.75000,75000,'NOT_FINISHED',NULL,NULL,'2024-06-17 14:23:00','2024-06-17 14:30:22'),(51063799179,'100004614064009','SINGLE',NULL,30000,1.99100,29730,'NOT_FINISHED',NULL,NULL,'2024-06-17 14:36:00','2024-06-17 14:37:15'),(51064573657,'100004533095969','SINGLE',NULL,50000,1.75400,37700,'NOT_FINISHED',NULL,NULL,'2024-06-17 14:59:00','2024-06-17 15:00:07'),(51065335877,'100004056801368','SINGLE',NULL,50000,1.60300,30150,'NOT_FINISHED',NULL,NULL,'2024-06-17 15:18:00','2024-06-17 15:19:00');
/*!40000 ALTER TABLE `BetHistory` ENABLE KEYS */;
UNLOCK TABLES;

--
-- Table structure for table `BetMatchDetail`
--

DROP TABLE IF EXISTS `BetMatchDetail`;
/*!40101 SET @saved_cs_client     = @@character_set_client */;
/*!50503 SET character_set_client = utf8mb4 */;
CREATE TABLE `BetMatchDetail` (
  `id` int NOT NULL AUTO_INCREMENT,
  `betId` bigint NOT NULL,
  `matchId` bigint DEFAULT '0',
  `matchTime` timestamp NOT NULL,
  `firstTeam` varchar(256) NOT NULL,
  `secondTeam` varchar(256) DEFAULT NULL,
  `tournamentName` varchar(256) DEFAULT NULL,
  `event` varchar(64) NOT NULL,
  `firstHalfOnly` tinyint DEFAULT NULL,
  `score` varchar(256) DEFAULT NULL,
  `ratio` decimal(5,3) NOT NULL DEFAULT '0.000',
  `result` varchar(16) NOT NULL DEFAULT 'NOT_FINISHED',
  `updatedAt` timestamp NOT NULL DEFAULT CURRENT_TIMESTAMP ON UPDATE CURRENT_TIMESTAMP,
  PRIMARY KEY (`id`),
  KEY `fk_BetMatchDetail_BetHistory_idx` (`betId`),
  CONSTRAINT `fk_BetMatchDetail_BetHistory` FOREIGN KEY (`betId`) REFERENCES `BetHistory` (`betId`)
) ENGINE=InnoDB AUTO_INCREMENT=227 DEFAULT CHARSET=utf8mb4 COLLATE=utf8mb4_0900_ai_ci;
/*!40101 SET character_set_client = @saved_cs_client */;

--
-- Dumping data for table `BetMatchDetail`
--

LOCK TABLES `BetMatchDetail` WRITE;
/*!40000 ALTER TABLE `BetMatchDetail` DISABLE KEYS */;
INSERT INTO `BetMatchDetail` VALUES (144,50891393045,519988635,'2024-06-14 19:00:00','UEFA European Championship 2024. Winner','','UEFA European Championship 2024. Winner','Portugal Wins - Yes',NULL,NULL,8.000,'NOT_FINISHED','2024-06-14 09:14:04'),(145,50891953617,521757054,'2024-06-14 19:00:00','UEFA European Championship 2024. Top goalscorer','','UEFA European Championship 2024. Winner','Cristiano Ronaldo Wins - Yes',NULL,NULL,12.700,'NOT_FINISHED','2024-06-14 09:14:04'),(146,50940618915,494350063,'2024-06-14 19:00:00','Germany','Scotland','UEFA European Championship 2024','Handicap 1 (-1.5)',NULL,'5:1 (3:0,2:1)',1.877,'WIN','2024-06-14 21:39:14'),(147,50940621757,494350063,'2024-06-14 19:00:00','Germany','Scotland','UEFA European Championship 2024','Total Over (2.75)',NULL,'5:1 (3:0,2:1)',1.914,'WIN','2024-06-14 21:39:14'),(148,50939014613,494350063,'2024-06-14 19:00:00','Germany','Scotland','UEFA European Championship 2024','Handicap 1 (-2)',NULL,'5:1 (3:0,2:1)',2.350,'WIN','2024-06-14 21:39:14'),(149,50939010791,494350063,'2024-06-14 19:00:00','Germany','Scotland','UEFA European Championship 2024','Handicap 1 (-0.75)',NULL,'5:1 (3:0,2:1)',1.295,'WIN','2024-06-14 21:39:14'),(150,50938828043,494350063,'2024-06-14 19:00:00','Germany','Scotland','UEFA European Championship 2024','Handicap 2 (1.5)',NULL,'5:1 (3:0,2:1)',2.072,'LOST','2024-06-14 21:39:14'),(151,50923863155,519988635,'2024-06-14 19:00:00','UEFA European Championship 2024. Winner','','UEFA European Championship 2024. Winner','France Wins - Yes',NULL,NULL,4.950,'NOT_FINISHED','2024-06-14 09:17:20'),(152,50923874695,521757054,'2024-06-14 19:00:00','UEFA European Championship 2024. Top goalscorer','','UEFA European Championship 2024. Winner','Jude Bellingham Wins - Yes',NULL,NULL,16.000,'NOT_FINISHED','2024-06-14 09:17:20'),(153,50925476251,519324065,'2024-06-21 00:00:00','Copa America. 2024. Winner','','Copa America. 2024. Winner','Brazil Wins - Yes',NULL,NULL,3.250,'NOT_FINISHED','2024-06-14 09:17:20'),(154,50925486627,530738058,'2024-06-21 00:00:00','Copa America. 2024. Top goalscorer','','Copa America. 2024. Winner','Vinicius Junior Wins - Yes',NULL,NULL,5.000,'NOT_FINISHED','2024-06-14 09:17:21'),(155,50891749425,519988635,'2024-06-14 19:00:00','UEFA European Championship 2024. Winner','','UEFA European Championship 2024. Winner','Netherlands Wins - Yes',NULL,NULL,16.000,'NOT_FINISHED','2024-06-14 09:19:52'),(156,50911194883,519988635,'2024-06-14 19:00:00','UEFA European Championship 2024. Winner','','UEFA European Championship 2024. Winner','Spain Wins - Yes',NULL,NULL,9.000,'NOT_FINISHED','2024-06-14 09:20:05'),(157,50891401989,519988635,'2024-06-14 19:00:00','UEFA European Championship 2024. Winner','','UEFA European Championship 2024. Winner','Germany Wins - Yes',NULL,NULL,6.500,'NOT_FINISHED','2024-06-14 09:20:25'),(158,50952003761,494350063,'2024-06-14 19:00:00','Germany','Scotland','UEFA European Championship 2024','Handicap 1 (-1.5)',NULL,'5:1 (3:0,2:1)',1.846,'WIN','2024-06-14 21:39:14'),(159,50951174541,538230673,'2024-06-14 17:00:00','FAR Rabat','FUS de Rabat','Morocco. Botola','Individual Total 1 Over (1.5)',NULL,'2:0 (0:0,2:0)',1.620,'WIN','2024-06-14 19:39:14'),(160,50951196569,537120289,'2024-06-14 17:00:00','Orgryte','Sundsvall','Sweden. Superettan','Total Over (2)',NULL,'1:1 (1:0,0:1)',1.280,'DRAW','2024-06-14 19:39:14'),(161,50951980635,494350063,'2024-06-14 19:00:00','Germany','Scotland','UEFA European Championship 2024','Individual Total 2 Over (0.5)',NULL,'5:1 (3:0,2:1)',1.970,'WIN','2024-06-14 21:39:14'),(162,50952342189,537672027,'2024-06-14 16:00:00','Farko','Al Ahly Cairo','Egypt. Premier League','Handicap 2 (-0.5)',NULL,'1:2 (1:2,0:0)',1.390,'WIN','2024-06-14 19:39:14'),(163,50975606043,494350067,'2024-06-15 13:00:00','Hungary','Switzerland','UEFA European Championship 2024','Handicap 1 (0)',NULL,'1:3 (0:2,1:1)',2.600,'LOST','2024-06-15 15:21:03'),(164,50975612743,494350320,'2024-06-15 16:00:00','Spain','Croatia','UEFA European Championship 2024','Handicap 1 (-0.75)',NULL,'3:0 (3:0,0:0)',2.234,'WIN','2024-06-15 21:52:01'),(165,50973956023,494350067,'2024-06-15 13:00:00','Hungary','Switzerland','UEFA European Championship 2024','Handicap 2 (-0.25)',NULL,'1:3 (0:2,1:1)',1.789,'WIN','2024-06-15 15:21:03'),(166,50973960463,494350067,'2024-06-15 13:00:00','Hungary','Switzerland','UEFA European Championship 2024','Total Under (2.25)',NULL,'1:3 (0:2,1:1)',1.904,'LOST','2024-06-15 15:21:03'),(167,50973967673,494350320,'2024-06-15 16:00:00','Spain','Croatia','UEFA European Championship 2024','Handicap 2 (0.5)',NULL,'3:0 (3:0,0:0)',1.938,'LOST','2024-06-15 21:52:01'),(168,50973970373,494350320,'2024-06-15 16:00:00','Spain','Croatia','UEFA European Championship 2024','Total Under (2.25)',NULL,'3:0 (3:0,0:0)',1.991,'LOST','2024-06-15 21:52:01'),(169,50975733235,494350320,'2024-06-15 16:00:00','Spain','Croatia','UEFA European Championship 2024','Handicap 1 (-0.5)',NULL,'3:0 (3:0,0:0)',1.962,'WIN','2024-06-15 21:52:01'),(170,50975782619,494350067,'2024-06-15 13:00:00','Hungary','Switzerland','UEFA European Championship 2024','Team 1 Not To Lose And Total < (3.5) - Yes',NULL,'1:3 (0:2,1:1)',2.010,'LOST','2024-06-15 21:52:01'),(171,50975782619,494350317,'2024-06-15 19:00:00','Italy','Albania','UEFA European Championship 2024','Team 1 To Win And Total < (3.5) - Yes',NULL,'2:1 (2:1,0:0)',1.880,'WIN','2024-06-15 21:52:01'),(172,50976733373,494350320,'2024-06-15 16:00:00','Spain','Croatia','UEFA European Championship 2024','Handicap 1 (-0.5)',NULL,'3:0 (3:0,0:0)',1.962,'WIN','2024-06-15 21:52:01'),(173,50977408557,494350067,'2024-06-15 13:00:00','Hungary','Switzerland','UEFA European Championship 2024','Total Under (2)',NULL,'1:3 (0:2,1:1)',1.930,'LOST','2024-06-15 15:21:03'),(174,50982956553,494350320,'2024-06-15 16:00:00','Spain','Croatia','UEFA European Championship 2024','Total Over (2.5)',NULL,'3:0 (3:0,0:0)',2.166,'WIN','2024-06-15 21:52:01'),(175,50983704533,494350067,'2024-06-15 13:00:00','Hungary','Switzerland','UEFA European Championship 2024','Both Teams To Score - Yes',NULL,'1:3 (0:2,1:1)',2.070,'WIN','2024-06-15 15:21:03'),(176,50983712599,538287654,'2024-06-15 13:00:00','Hungary','Switzerland','UEFA European Championship 2024','Cards: Total Over (3.5)',NULL,'2:2 (0:1,2:1)',1.700,'WIN','2024-06-15 15:21:03'),(177,50988730563,494350317,'2024-06-15 19:00:00','Italy','Albania','UEFA European Championship 2024','Team 1 To Win And Total < (3.5) - Yes',NULL,'2:1 (2:1,0:0)',1.780,'WIN','2024-06-15 21:52:01'),(178,50989177217,494350317,'2024-06-15 19:00:00','Italy','Albania','UEFA European Championship 2024','Individual Total 1 Over (1.5)',NULL,'2:1 (2:1,0:0)',1.590,'WIN','2024-06-15 21:52:01'),(179,50992462089,494350317,'2024-06-15 19:00:00','Italy','Albania','UEFA European Championship 2024','Handicap 1 (-1.5)',NULL,'2:1 (2:1,0:0)',2.030,'LOST','2024-06-15 21:52:01'),(180,50992531589,494350317,'2024-06-15 19:00:00','Italy','Albania','UEFA European Championship 2024','Total Over (2.5)',NULL,'2:1 (2:1,0:0)',2.084,'WIN','2024-06-15 21:52:01'),(181,50995813721,494350317,'2024-06-15 19:00:00','Italy','Albania','UEFA European Championship 2024','Handicap 1 (-1)',NULL,'2:1 (2:1,0:0)',1.522,'DRAW','2024-06-15 21:52:01'),(182,51012715193,520022289,'2024-06-16 13:00:00','Poland','Netherlands','UEFA European Championship 2024','Total Under (2.5)',NULL,'1:2 (1:1,0:1)',1.940,'LOST','2024-06-16 15:49:52'),(183,51012719713,494350323,'2024-06-16 19:00:00','Serbia','England','UEFA European Championship 2024','Handicap 2 (-1)',NULL,'0:1 (0:1,0:0)',1.807,'DRAW','2024-06-16 23:31:51'),(184,51012722143,494350323,'2024-06-16 19:00:00','Serbia','England','UEFA European Championship 2024','Total Under (2.5)',NULL,'0:1 (0:1,0:0)',1.991,'WIN','2024-06-16 23:31:51'),(185,51012730837,494353366,'2024-06-16 16:00:00','Slovenia','Denmark','UEFA European Championship 2024','Handicap 2 (-0.75)',NULL,'1:1 (0:1,1:0)',1.861,'LOST','2024-06-16 23:31:51'),(186,51014530515,494350323,'2024-06-16 19:00:00','Serbia','England','UEFA European Championship 2024','Total Over (2.5)',NULL,'0:1 (0:1,0:0)',1.959,'LOST','2024-06-16 23:31:51'),(187,51014542563,520022289,'2024-06-16 13:00:00','Poland','Netherlands','UEFA European Championship 2024','Total Over (2.5)',NULL,'1:2 (1:1,0:1)',1.981,'WIN','2024-06-16 15:49:52'),(188,51019171711,520022289,'2024-06-16 13:00:00','Poland','Netherlands','UEFA European Championship 2024','Handicap 2 (-1)',NULL,'1:2 (1:1,0:1)',1.910,'DRAW','2024-06-16 15:49:52'),(189,51019186593,494353366,'2024-06-16 16:00:00','Slovenia','Denmark','UEFA European Championship 2024','Handicap 2 (-0.75)',NULL,'1:1 (0:1,1:0)',1.842,'LOST','2024-06-16 23:31:51'),(190,51019198447,494350323,'2024-06-16 19:00:00','Serbia','England','UEFA European Championship 2024','Handicap 2 (-1.5)',NULL,'0:1 (0:1,0:0)',2.330,'LOST','2024-06-16 23:31:51'),(191,51021347247,520022289,'2024-06-16 13:00:00','Poland','Netherlands','UEFA European Championship 2024','Individual Total 2 Over (1.5)',NULL,'1:2 (1:1,0:1)',1.680,'WIN','2024-06-16 15:49:52'),(192,51021358419,494350323,'2024-06-16 19:00:00','Serbia','England','UEFA European Championship 2024','Total Over (2)',NULL,'0:1 (0:1,0:0)',1.420,'LOST','2024-06-16 23:31:51'),(193,51021384505,494353366,'2024-06-16 16:00:00','Slovenia','Denmark','UEFA European Championship 2024','Total Over (2.5)',NULL,'1:1 (0:1,1:0)',2.358,'LOST','2024-06-16 23:31:51'),(194,51021523219,494353366,'2024-06-16 16:00:00','Slovenia','Denmark','UEFA European Championship 2024','Team 2 To Win And Total > (1.5) - Yes',NULL,'1:1 (0:1,1:0)',2.200,'LOST','2024-06-16 23:31:51'),(195,51021523219,520022289,'2024-06-16 13:00:00','Poland','Netherlands','UEFA European Championship 2024','Handicap 2 (-1)',NULL,'1:2 (1:1,0:1)',1.846,'DRAW','2024-06-16 23:31:51'),(196,51021552719,494350323,'2024-06-16 19:00:00','Serbia','England','UEFA European Championship 2024','Team 2 To Win And Total < (3.5) - Yes',NULL,'0:1 (0:1,0:0)',2.120,'WIN','2024-06-16 23:31:51'),(197,51023882715,520022289,'2024-06-16 13:00:00','Poland','Netherlands','UEFA European Championship 2024','Both Teams To Score - Yes',NULL,'1:2 (1:1,0:1)',1.952,'WIN','2024-06-16 15:49:52'),(198,51023893829,520022289,'2024-06-16 13:00:00','Poland','Netherlands','UEFA European Championship 2024','Handicap 2 (-1)',NULL,'1:2 (1:1,0:1)',1.798,'DRAW','2024-06-16 15:49:52'),(199,51023907225,494353366,'2024-06-16 16:00:00','Slovenia','Denmark','UEFA European Championship 2024','Total Over (2.25)',NULL,'1:1 (0:1,1:0)',2.052,'HALF_LOST','2024-06-16 23:31:51'),(200,51023917751,494350323,'2024-06-16 19:00:00','Serbia','England','UEFA European Championship 2024','Handicap 2 (-0.5)',NULL,'0:1 (0:1,0:0)',1.509,'WIN','2024-06-16 23:31:51'),(201,51026203443,538962864,'2024-06-16 13:00:00','Poland','Netherlands','UEFA European Championship 2024','Total Over (1)',1,'1:1',1.790,'WIN','2024-06-16 15:49:52'),(202,51050844561,494350326,'2024-06-17 16:00:00','Belgium','Slovakia','UEFA European Championship 2024','Handicap 1 (-1)',NULL,NULL,1.828,'NOT_FINISHED','2024-06-17 04:31:24'),(203,51050848963,494350334,'2024-06-17 19:00:00','Austria','France','UEFA European Championship 2024','Handicap 2 (-1)',NULL,NULL,1.883,'NOT_FINISHED','2024-06-17 04:31:24'),(204,51054341545,494350334,'2024-06-17 19:00:00','Austria','France','UEFA European Championship 2024','Handicap 2 (-1)',NULL,NULL,2.044,'NOT_FINISHED','2024-06-17 08:52:24'),(205,51054365327,494350326,'2024-06-17 16:00:00','Belgium','Slovakia','UEFA European Championship 2024','Team 1 To Win And Total > (1.5) - Yes',NULL,NULL,1.790,'NOT_FINISHED','2024-06-17 08:52:24'),(206,51054365327,520022286,'2024-06-17 13:00:00','Romania','Ukraine','UEFA European Championship 2024','Team 2 Not To Lose And Total < (3.5) - Yes',NULL,NULL,1.570,'NOT_FINISHED','2024-06-17 08:52:24'),(207,51054324855,520022286,'2024-06-17 13:00:00','Romania','Ukraine','UEFA European Championship 2024','Handicap 2 (0)',NULL,NULL,1.330,'LOST','2024-06-17 15:23:27'),(208,51054328765,494350326,'2024-06-17 16:00:00','Belgium','Slovakia','UEFA European Championship 2024','Handicap 1 (-0.75)',NULL,NULL,1.563,'NOT_FINISHED','2024-06-17 08:52:33'),(209,51054332377,494350334,'2024-06-17 19:00:00','Austria','France','UEFA European Championship 2024','Handicap 2 (-1)',NULL,NULL,2.044,'NOT_FINISHED','2024-06-17 08:52:33'),(210,51055139075,520022286,'2024-06-17 13:00:00','Romania','Ukraine','UEFA European Championship 2024','Total Under (2.5)',NULL,NULL,1.754,'LOST','2024-06-17 15:24:14'),(211,51055152773,494350326,'2024-06-17 16:00:00','Belgium','Slovakia','UEFA European Championship 2024','Handicap 1 (-0.75)',NULL,NULL,1.553,'NOT_FINISHED','2024-06-17 09:32:23'),(212,51055160015,494350334,'2024-06-17 19:00:00','Austria','France','UEFA European Championship 2024','Handicap 1 (1.5)',NULL,NULL,1.480,'NOT_FINISHED','2024-06-17 09:32:24'),(213,51055209663,494350334,'2024-06-17 19:00:00','Austria','France','UEFA European Championship 2024','Handicap 1 (1.5)',NULL,NULL,1.470,'NOT_FINISHED','2024-06-17 09:35:12'),(214,51055209663,494350326,'2024-06-17 16:00:00','Belgium','Slovakia','UEFA European Championship 2024','Handicap 1 (-0.75)',NULL,NULL,1.553,'NOT_FINISHED','2024-06-17 09:35:12'),(215,51055209663,520022286,'2024-06-17 13:00:00','Romania','Ukraine','UEFA European Championship 2024','Team 2 Not To Lose And Total < (2.5) - Yes',NULL,NULL,2.030,'NOT_FINISHED','2024-06-17 09:35:12'),(216,51058208541,494350334,'2024-06-17 19:00:00','Austria','France','UEFA European Championship 2024','Total Over (2.5)',NULL,NULL,1.877,'NOT_FINISHED','2024-06-17 12:39:17'),(217,51059609271,494350326,'2024-06-17 16:00:00','Belgium','Slovakia','UEFA European Championship 2024','Total Over (2)',NULL,NULL,1.380,'NOT_FINISHED','2024-06-17 12:39:19'),(218,51059667329,539152216,'2024-06-17 13:00:00','Romania','Ukraine','UEFA European Championship 2024','Total Under (2.5)',NULL,NULL,1.780,'LOST','2024-06-17 15:24:50'),(219,51059574409,539152216,'2024-06-17 13:00:00','Romania','Ukraine','UEFA European Championship 2024','Total Over (2.5)',NULL,NULL,2.166,'WIN','2024-06-17 15:22:23'),(220,51060405773,539154318,'2024-06-17 13:00:00','Romania','Ukraine','UEFA European Championship 2024','Handicap 2 (-0.5)',NULL,'0:0 (0:0)',1.800,'LOST','2024-06-17 15:22:59'),(221,51063296631,494350326,'2024-06-17 16:00:00','Belgium','Slovakia','UEFA European Championship 2024','Team 1 To Win And Total > (1.5) - Yes',NULL,NULL,1.750,'NOT_FINISHED','2024-06-17 14:30:23'),(222,51062698739,494350326,'2024-06-17 16:00:00','Belgium','Slovakia','UEFA European Championship 2024','Handicap 1 (-0.5)',NULL,NULL,1.510,'NOT_FINISHED','2024-06-17 14:30:45'),(223,51063035833,494350326,'2024-06-17 16:00:00','Belgium','Slovakia','UEFA European Championship 2024','Handicap 1 (-0.5)',NULL,NULL,1.501,'NOT_FINISHED','2024-06-17 14:30:46'),(224,51063799179,494350334,'2024-06-17 19:00:00','Austria','France','UEFA European Championship 2024','Handicap 2 (-1)',NULL,NULL,1.991,'NOT_FINISHED','2024-06-17 14:37:15'),(225,51064573657,494350326,'2024-06-17 16:00:00','Belgium','Slovakia','UEFA European Championship 2024','Handicap 1 (-1)',NULL,NULL,1.754,'NOT_FINISHED','2024-06-17 15:00:08'),(226,51065335877,494350334,'2024-06-17 19:00:00','Austria','France','UEFA European Championship 2024','Handicap 2 (-0.5)',NULL,NULL,1.603,'NOT_FINISHED','2024-06-17 15:19:00');
/*!40000 ALTER TABLE `BetMatchDetail` ENABLE KEYS */;
UNLOCK TABLES;

--
-- Table structure for table `Player`
--

DROP TABLE IF EXISTS `Player`;
/*!40101 SET @saved_cs_client     = @@character_set_client */;
/*!50503 SET character_set_client = utf8mb4 */;
CREATE TABLE `Player` (
  `playerId` varchar(16) NOT NULL,
  `playerName` varchar(256) DEFAULT NULL,
  `avatarUrl` varchar(2048) DEFAULT NULL,
  `totalProfit` bigint DEFAULT NULL,
  PRIMARY KEY (`playerId`)
) ENGINE=InnoDB DEFAULT CHARSET=utf8mb4 COLLATE=utf8mb4_0900_ai_ci;
/*!40101 SET character_set_client = @saved_cs_client */;

--
-- Dumping data for table `Player`
--

LOCK TABLES `Player` WRITE;
/*!40000 ALTER TABLE `Player` DISABLE KEYS */;
INSERT INTO `Player` VALUES ('100002362515754','Duy Nguyễn','/avatar/DuyNguyen.webp',194990),('100003664809869','Rys','/avatar/Rys.webp',-200000),('100004056801368','Thanh Duy','/avatar/ThanhDuy.webp',184000),('100004533095969','Trung Anh','/avatar/TrungAnh.webp',-48320),('100004614064009','Bruno','/avatar/Bruno.webp',-14680),('100010972726703','Tân','/avatar/TanNguyen.webp',-10650);
/*!40000 ALTER TABLE `Player` ENABLE KEYS */;
UNLOCK TABLES;

--
-- Table structure for table `PlayerAssetHistory`
--

DROP TABLE IF EXISTS `PlayerAssetHistory`;
/*!40101 SET @saved_cs_client     = @@character_set_client */;
/*!50503 SET character_set_client = utf8mb4 */;
CREATE TABLE `PlayerAssetHistory` (
  `id` int NOT NULL AUTO_INCREMENT,
  `playerId` varchar(16) NOT NULL,
  `betId` bigint DEFAULT NULL,
  `paymentTime` timestamp NOT NULL,
  `action` varchar(64) NOT NULL,
  `paymentMethod` varchar(64) DEFAULT NULL,
  `amount` bigint NOT NULL,
  `assetBefore` bigint NOT NULL,
  `assetAfter` bigint NOT NULL,
  `updatedAt` timestamp NOT NULL DEFAULT CURRENT_TIMESTAMP ON UPDATE CURRENT_TIMESTAMP,
  PRIMARY KEY (`id`),
  KEY `idx_playerId_paymentTime` (`playerId`,`paymentTime`)
) ENGINE=InnoDB AUTO_INCREMENT=179 DEFAULT CHARSET=utf8mb4 COLLATE=utf8mb4_0900_ai_ci;
/*!40101 SET character_set_client = @saved_cs_client */;

--
-- Dumping data for table `PlayerAssetHistory`
--

LOCK TABLES `PlayerAssetHistory` WRITE;
/*!40000 ALTER TABLE `PlayerAssetHistory` DISABLE KEYS */;
INSERT INTO `PlayerAssetHistory` VALUES (132,'100004056801368',50952342189,'2024-06-14 19:39:14','BET_WIN',NULL,19500,0,19500,'2024-06-14 19:39:14'),(133,'100004056801368',50951174541,'2024-06-14 19:39:14','BET_WIN',NULL,18600,19500,38100,'2024-06-14 19:39:14'),(134,'100002362515754',50952003761,'2024-06-14 21:39:14','BET_WIN',NULL,50760,0,50760,'2024-06-14 21:39:14'),(135,'100004056801368',50951980635,'2024-06-14 21:39:14','BET_WIN',NULL,48500,38100,86600,'2024-06-14 21:39:14'),(136,'100010972726703',50940621757,'2024-06-14 21:39:14','BET_WIN',NULL,27420,0,27420,'2024-06-14 21:39:14'),(137,'100010972726703',50940618915,'2024-06-14 21:39:14','BET_WIN',NULL,26310,27420,53730,'2024-06-14 21:39:14'),(138,'100004533095969',50939014613,'2024-06-14 21:39:14','BET_WIN',NULL,27000,0,27000,'2024-06-14 21:39:14'),(139,'100004614064009',50939010791,'2024-06-14 21:39:14','BET_WIN',NULL,5900,0,5900,'2024-06-14 21:39:14'),(140,'100003664809869',50938828043,'2024-06-14 21:39:14','BET_LOST',NULL,-200000,0,-200000,'2024-06-14 21:39:14'),(141,'100004056801368',50983712599,'2024-06-15 15:21:02','BET_WIN',NULL,35000,86600,121600,'2024-06-15 15:21:02'),(142,'100004056801368',50983704533,'2024-06-15 15:21:02','BET_WIN',NULL,53500,121600,175100,'2024-06-15 15:21:02'),(143,'100004614064009',50977408557,'2024-06-15 15:21:02','BET_LOST',NULL,-20000,5900,-14100,'2024-06-15 15:21:02'),(144,'100004533095969',50975606043,'2024-06-15 15:21:02','BET_LOST',NULL,-20000,27000,7000,'2024-06-15 15:21:02'),(145,'100010972726703',50973960463,'2024-06-15 15:21:02','BET_LOST',NULL,-30000,53730,23730,'2024-06-15 15:21:02'),(146,'100010972726703',50973956023,'2024-06-15 15:21:02','BET_WIN',NULL,23670,23730,47400,'2024-06-15 15:21:02'),(147,'100010972726703',50992531589,'2024-06-15 21:51:55','BET_WIN',NULL,32520,47400,79920,'2024-06-15 21:51:57'),(148,'100004533095969',50992462089,'2024-06-15 21:51:56','BET_LOST',NULL,-20000,7000,-13000,'2024-06-15 21:51:58'),(149,'100004056801368',50989177217,'2024-06-15 21:51:56','BET_WIN',NULL,29500,175100,204600,'2024-06-15 21:51:58'),(150,'100002362515754',50988730563,'2024-06-15 21:51:56','BET_WIN',NULL,78000,50760,128760,'2024-06-15 21:51:58'),(151,'100004056801368',50982956553,'2024-06-15 21:51:56','BET_WIN',NULL,58300,204600,262900,'2024-06-15 21:51:58'),(152,'100004614064009',50976733373,'2024-06-15 21:51:56','BET_WIN',NULL,19240,-14100,5140,'2024-06-15 21:51:58'),(153,'100002362515754',50975782619,'2024-06-15 21:51:56','BET_LOST',NULL,-100000,128760,28760,'2024-06-15 21:51:58'),(154,'100002362515754',50975733235,'2024-06-15 21:51:57','BET_WIN',NULL,96200,28760,124960,'2024-06-15 21:51:58'),(155,'100004533095969',50975612743,'2024-06-15 21:51:57','BET_WIN',NULL,24680,-13000,11680,'2024-06-15 21:51:58'),(156,'100010972726703',50973970373,'2024-06-15 21:51:57','BET_LOST',NULL,-30000,79920,49920,'2024-06-15 21:51:59'),(157,'100010972726703',50973967673,'2024-06-15 21:51:57','BET_LOST',NULL,-30000,49920,19920,'2024-06-15 21:51:59'),(158,'100004056801368',51026203443,'2024-06-16 15:49:52','BET_WIN',NULL,39500,262900,302400,'2024-06-16 15:49:52'),(159,'100004056801368',51023882715,'2024-06-16 15:49:52','BET_WIN',NULL,47600,302400,350000,'2024-06-16 15:49:52'),(160,'100004056801368',51021347247,'2024-06-16 15:49:52','BET_WIN',NULL,34000,350000,384000,'2024-06-16 15:49:52'),(161,'100010972726703',51014542563,'2024-06-16 15:49:53','BET_WIN',NULL,29430,19920,49350,'2024-06-16 15:49:52'),(162,'100002362515754',51012715193,'2024-06-16 15:49:53','BET_LOST',NULL,-30000,124960,94960,'2024-06-16 15:49:52'),(163,'100004614064009',51023917751,'2024-06-16 23:31:51','BET_WIN',NULL,10180,5140,15320,'2024-06-16 23:31:50'),(164,'100004614064009',51023907225,'2024-06-16 23:31:51','BET_LOST',NULL,-10000,15320,5320,'2024-06-16 23:31:51'),(165,'100002362515754',51021552719,'2024-06-16 23:31:51','BET_WIN',NULL,112000,94960,206960,'2024-06-16 23:31:51'),(166,'100002362515754',51021523219,'2024-06-16 23:31:51','BET_LOST',NULL,-100000,206960,106960,'2024-06-16 23:31:51'),(167,'100004056801368',51021384505,'2024-06-16 23:31:51','BET_LOST',NULL,-50000,384000,334000,'2024-06-16 23:31:51'),(168,'100004056801368',51021358419,'2024-06-16 23:31:51','BET_LOST',NULL,-50000,334000,284000,'2024-06-16 23:31:51'),(169,'100004533095969',51019198447,'2024-06-16 23:31:51','BET_LOST',NULL,-20000,11680,-8320,'2024-06-16 23:31:51'),(170,'100004533095969',51019186593,'2024-06-16 23:31:51','BET_LOST',NULL,-20000,-8320,-28320,'2024-06-16 23:31:51'),(171,'100010972726703',51014530515,'2024-06-16 23:31:51','BET_LOST',NULL,-30000,49350,19350,'2024-06-16 23:31:51'),(172,'100010972726703',51012730837,'2024-06-16 23:31:51','BET_LOST',NULL,-30000,19350,-10650,'2024-06-16 23:31:51'),(173,'100002362515754',51012722143,'2024-06-16 23:31:51','BET_WIN',NULL,29730,106960,136690,'2024-06-16 23:31:51'),(174,'100002362515754',51059574409,'2024-06-17 15:22:23','BET_WIN',NULL,58300,136690,194990,'2024-06-17 15:22:23'),(175,'100004056801368',51060405773,'2024-06-17 15:22:59','BET_LOST',NULL,-50000,284000,234000,'2024-06-17 15:22:59'),(176,'100004614064009',51054324855,'2024-06-17 15:23:27','BET_LOST',NULL,-20000,5320,-14680,'2024-06-17 15:23:26'),(177,'100004533095969',51055139075,'2024-06-17 15:24:13','BET_LOST',NULL,-20000,-28320,-48320,'2024-06-17 15:24:13'),(178,'100004056801368',51059667329,'2024-06-17 15:24:50','BET_LOST',NULL,-50000,234000,184000,'2024-06-17 15:24:49');
/*!40000 ALTER TABLE `PlayerAssetHistory` ENABLE KEYS */;
UNLOCK TABLES;

--
-- Table structure for table `TeamData`
--

DROP TABLE IF EXISTS `TeamData`;
/*!40101 SET @saved_cs_client     = @@character_set_client */;
/*!50503 SET character_set_client = utf8mb4 */;
CREATE TABLE `TeamData` (
  `teamName` varchar(256) NOT NULL,
  `logoUrl` varchar(2048) NOT NULL,
  PRIMARY KEY (`teamName`)
) ENGINE=InnoDB DEFAULT CHARSET=utf8mb4 COLLATE=utf8mb4_0900_ai_ci;
/*!40101 SET character_set_client = @saved_cs_client */;

--
-- Dumping data for table `TeamData`
--

LOCK TABLES `TeamData` WRITE;
/*!40000 ALTER TABLE `TeamData` DISABLE KEYS */;
INSERT INTO `TeamData` VALUES ('','https://v2l.cdnsfree.com/sfiles/logo_teams/teamdefault.png'),('Al Ahly Cairo','https://v2l.cdnsfree.com/sfiles/logo_teams/11385.png'),('Albania','https://v2l.cdnsfree.com/sfiles/logo_teams/11835.png'),('Arsenal','https://v2l.cdnsfree.com/sfiles/logo_teams/08a25897e35d75d7261a8095b9599aad.png'),('Aston Villa','https://v2l.cdnsfree.com/sfiles/logo_teams/1976.png'),('Atletico Madrid','https://v2l.cdnsfree.com/sfiles/logo_teams/11551.png'),('Australia (Women)','https://v2l.cdnsfree.com/sfiles/logo_teams/14061.png'),('Austria','https://v2l.cdnsfree.com/sfiles/logo_teams/11809.png'),('Bayern Munich','https://v2l.cdnsfree.com/sfiles/logo_teams/d6760659f9d1041cfd6f177b9bedec94.PNG'),('Belgium','https://v2l.cdnsfree.com/sfiles/logo_teams/78a46feaa0803d2272f3fc59cc8c2b41.png'),('Bournemouth','https://v2l.cdnsfree.com/sfiles/logo_teams/66cc758c57af843283eff5c35867a8c7.png'),('Brentford','https://v2l.cdnsfree.com/sfiles/logo_teams/2064.png'),('Brighton & Hove Albion','https://v2l.cdnsfree.com/sfiles/logo_teams/2026.png'),('Burnley','https://v2l.cdnsfree.com/sfiles/logo_teams/1fdefef8e752eb221b66429cc05daef4.png'),('Cagliari Calcio','https://v2l.cdnsfree.com/sfiles/logo_teams/3546.png'),('Celta','https://v2l.cdnsfree.com/sfiles/logo_teams/fadddef16fb3f0768be2989065e9be6b.png'),('Chelsea','https://v2l.cdnsfree.com/sfiles/logo_teams/4d19a56f7c6e34c48f0f5e0f07bf9ac5.png'),('Cincinnati','https://v2l.cdnsfree.com/sfiles/logo_teams/e5f0b526e100cbb7066c0e97cf082f60.png'),('Copa America. 2024. Top goalscorer','https://v2l.cdnsfree.com/sfiles/logo_teams/teamdefault.png'),('Copa America. 2024. Winner','https://v2l.cdnsfree.com/sfiles/logo_teams/teamdefault.png'),('Croatia','https://v2l.cdnsfree.com/sfiles/logo_teams/12739.png'),('Crystal Palace','https://v2l.cdnsfree.com/sfiles/logo_teams/2020.png'),('Denmark','https://v2l.cdnsfree.com/sfiles/logo_teams/c74e2857cc52f1f884e4d9204e9c19a5.png'),('England','https://v2l.cdnsfree.com/sfiles/logo_teams/12763.png'),('England (Women)','https://v2l.cdnsfree.com/sfiles/logo_teams/14819.png'),('Everton','https://v2l.cdnsfree.com/sfiles/logo_teams/1992.png'),('FAR Rabat','https://v2l.cdnsfree.com/sfiles/logo_teams/5021c6d778dbfca7a6d72beca77388aa.png'),('Farko','https://v2l.cdnsfree.com/sfiles/logo_teams/360328c23e60a5c40d9a62574ce44399.png'),('France','https://v2l.cdnsfree.com/sfiles/logo_teams/efb8daee8b027b525edadb47fbd300b2.png'),('Fulham','https://v2l.cdnsfree.com/sfiles/logo_teams/1986.png'),('FUS de Rabat','https://v2l.cdnsfree.com/sfiles/logo_teams/4076.png'),('Germany','https://v2l.cdnsfree.com/sfiles/logo_teams/2b7d9a9f081b747caced4aaad6f6890e.png'),('Granada','https://v2l.cdnsfree.com/sfiles/logo_teams/3472.png'),('Hibernian','https://v2l.cdnsfree.com/sfiles/logo_teams/af6e62a30a6f4d987ee548614bb4907b.png'),('Hungary','https://v2l.cdnsfree.com/sfiles/logo_teams/12795.png'),('Indonesia U23','https://v2l.cdnsfree.com/sfiles/logo_teams/38277.png'),('Inter Miami','https://v2l.cdnsfree.com/sfiles/logo_teams/c90e36c29a220479b55837ef1299093e.png'),('Internazionale Milano','https://v2l.cdnsfree.com/sfiles/logo_teams/284e78c3cca0ded862fbbe1dc58cc5b4.png'),('Italy','https://v2l.cdnsfree.com/sfiles/logo_teams/12749.png'),('Laos U23','https://v2l.cdnsfree.com/sfiles/logo_teams/34341.png'),('Liverpool','https://v2l.cdnsfree.com/sfiles/logo_teams/d3916206204ffc91b0471ff9484066d6.png'),('Luton Town','https://v2l.cdnsfree.com/sfiles/logo_teams/2166.png'),('Malaysia U23','https://v2l.cdnsfree.com/sfiles/logo_teams/30003.png'),('Mallorca','https://v2l.cdnsfree.com/sfiles/logo_teams/3478.png'),('Manchester City','https://v2l.cdnsfree.com/sfiles/logo_teams/57060f6368da70fbdfff37cb4b0280a5.png'),('Manchester United','https://v2l.cdnsfree.com/sfiles/logo_teams/1996.png'),('Myanmar U23','https://v2l.cdnsfree.com/sfiles/logo_teams/13897.png'),('Netherlands','https://v2l.cdnsfree.com/sfiles/logo_teams/13189.png'),('Newcastle United','https://v2l.cdnsfree.com/sfiles/logo_teams/16f4b9522ff68b79b088d4c9da0939ee.png'),('Nottingham Forest','https://v2l.cdnsfree.com/sfiles/logo_teams/2022.png'),('Olympique de Marseille','https://v2l.cdnsfree.com/sfiles/logo_teams/27551.png'),('Orgryte','https://v2l.cdnsfree.com/sfiles/logo_teams/6941fd17e35df2d05e4a14a4dbb9d856.png'),('Panathinaikos','https://v2l.cdnsfree.com/sfiles/logo_teams/3006.png'),('Philadelphia Union','https://v2l.cdnsfree.com/sfiles/logo_teams/42e62256a7383ea5c5048125bcd0688c.png'),('Poland','https://v2l.cdnsfree.com/sfiles/logo_teams/12689.png'),('PSV Eindhoven','https://v2l.cdnsfree.com/sfiles/logo_teams/8830b5ef7a958db8670ceea57116529d.png'),('Rayo Vallecano','https://v2l.cdnsfree.com/sfiles/logo_teams/3458.png'),('Real Madrid','https://v2l.cdnsfree.com/sfiles/logo_teams/65e3e972954419765c3ce21698edf6cb.png'),('Romania','https://v2l.cdnsfree.com/sfiles/logo_teams/12801.png'),('Scotland','https://v2l.cdnsfree.com/sfiles/logo_teams/12741.png'),('Serbia','https://v2l.cdnsfree.com/sfiles/logo_teams/4adac0619ab89c05eaf9e946b9d6ac14.png'),('Sevilla','https://v2l.cdnsfree.com/sfiles/logo_teams/3462.png'),('Sheffield United','https://v2l.cdnsfree.com/sfiles/logo_teams/23575.png'),('Slovakia','https://v2l.cdnsfree.com/sfiles/logo_teams/11805.png'),('Slovenia','https://v2l.cdnsfree.com/sfiles/logo_teams/12657.png'),('Spain','https://v2l.cdnsfree.com/sfiles/logo_teams/cb151152db93a8293a4bead299416b4c.png'),('Spain (Women)','https://v2l.cdnsfree.com/sfiles/logo_teams/14821.png'),('Sturm Graz','https://v2l.cdnsfree.com/sfiles/logo_teams/1832.png'),('Sundsvall','https://v2l.cdnsfree.com/sfiles/logo_teams/64c9fd5dd84263672fdd5d7250215f03.png'),('Sweden (Women)','https://v2l.cdnsfree.com/sfiles/logo_teams/14703.png'),('Switzerland','https://v2l.cdnsfree.com/sfiles/logo_teams/12399.png'),('Thailand U23','https://v2l.cdnsfree.com/sfiles/logo_teams/29397.png'),('Tottenham Hotspur','https://v2l.cdnsfree.com/sfiles/logo_teams/1984.png'),('UEFA European Championship 2024. Top goalscorer','https://v2l.cdnsfree.com/sfiles/logo_teams/teamdefault.png'),('UEFA European Championship 2024. Winner','https://v2l.cdnsfree.com/sfiles/logo_teams/teamdefault.png'),('Ukraine','https://v2l.cdnsfree.com/sfiles/logo_teams/11443d2443911634bd32ae45d6024a83.png'),('Vietnam U23','https://v2l.cdnsfree.com/sfiles/logo_teams/13025.png'),('Villarreal','https://v2l.cdnsfree.com/sfiles/logo_teams/3488.png'),('Werder Bremen','https://v2l.cdnsfree.com/sfiles/logo_teams/c9255853da2a512b273306a46ab09f50.png'),('West Ham United','https://v2l.cdnsfree.com/sfiles/logo_teams/1980.png'),('Wolverhampton Wanderers','https://v2l.cdnsfree.com/sfiles/logo_teams/2058.png');
/*!40000 ALTER TABLE `TeamData` ENABLE KEYS */;
UNLOCK TABLES;
/*!40103 SET TIME_ZONE=@OLD_TIME_ZONE */;

/*!40101 SET SQL_MODE=@OLD_SQL_MODE */;
/*!40014 SET FOREIGN_KEY_CHECKS=@OLD_FOREIGN_KEY_CHECKS */;
/*!40014 SET UNIQUE_CHECKS=@OLD_UNIQUE_CHECKS */;
/*!40101 SET CHARACTER_SET_CLIENT=@OLD_CHARACTER_SET_CLIENT */;
/*!40101 SET CHARACTER_SET_RESULTS=@OLD_CHARACTER_SET_RESULTS */;
/*!40101 SET COLLATION_CONNECTION=@OLD_COLLATION_CONNECTION */;
/*!40111 SET SQL_NOTES=@OLD_SQL_NOTES */;

-- Dump completed on 2024-06-17 22:34:00
