CREATE DATABASE  IF NOT EXISTS `Bf5Betting` /*!40100 DEFAULT CHARACTER SET utf8mb4 COLLATE utf8mb4_0900_ai_ci */ /*!80016 DEFAULT ENCRYPTION='N' */;
USE `Bf5Betting`;
-- MySQL dump 10.13  Distrib 8.0.36, for macos14 (x86_64)
--
-- Host: 139.180.191.134    Database: Bf5Betting
-- ------------------------------------------------------
-- Server version	8.4.0

/*!40101 SET @OLD_CHARACTER_SET_CLIENT=@@CHARACTER_SET_CLIENT */;
/*!40101 SET @OLD_CHARACTER_SET_RESULTS=@@CHARACTER_SET_RESULTS */;
/*!40101 SET @OLD_COLLATION_CONNECTION=@@COLLATION_CONNECTION */;
/*!50503 SET NAMES utf8 */;
/*!40103 SET @OLD_TIME_ZONE=@@TIME_ZONE */;
/*!40103 SET TIME_ZONE='+00:00' */;
/*!40014 SET @OLD_UNIQUE_CHECKS=@@UNIQUE_CHECKS, UNIQUE_CHECKS=0 */;
/*!40014 SET @OLD_FOREIGN_KEY_CHECKS=@@FOREIGN_KEY_CHECKS, FOREIGN_KEY_CHECKS=0 */;
/*!40101 SET @OLD_SQL_MODE=@@SQL_MODE, SQL_MODE='NO_AUTO_VALUE_ON_ZERO' */;
/*!40111 SET @OLD_SQL_NOTES=@@SQL_NOTES, SQL_NOTES=0 */;

--
-- Table structure for table `BetHistory`
--

DROP TABLE IF EXISTS `BetHistory`;
/*!40101 SET @saved_cs_client     = @@character_set_client */;
/*!50503 SET character_set_client = utf8mb4 */;
CREATE TABLE `BetHistory` (
  `betId` bigint NOT NULL,
  `playerId` varchar(16) NOT NULL,
  `betType` varchar(16) NOT NULL DEFAULT 'SINGLE',
  `metadata` varchar(255) DEFAULT NULL,
  `betAmount` bigint NOT NULL DEFAULT '0',
  `ratio` decimal(7,5) NOT NULL DEFAULT '0.00000',
  `potentialProfit` bigint NOT NULL DEFAULT '0',
  `result` varchar(16) NOT NULL DEFAULT 'NOT_FINISHED',
  `resultSettledTime` timestamp NULL DEFAULT NULL,
  `actualProfit` bigint DEFAULT NULL,
  `betTime` timestamp NOT NULL,
  `updatedAt` timestamp NOT NULL DEFAULT CURRENT_TIMESTAMP ON UPDATE CURRENT_TIMESTAMP,
  PRIMARY KEY (`betId`),
  KEY `idx_playerId_betTime` (`playerId`,`betTime`),
  KEY `idx_result_betTime` (`result`,`betTime`)
) ENGINE=InnoDB DEFAULT CHARSET=utf8mb4 COLLATE=utf8mb4_0900_ai_ci;
/*!40101 SET character_set_client = @saved_cs_client */;

--
-- Dumping data for table `BetHistory`
--

LOCK TABLES `BetHistory` WRITE;
/*!40000 ALTER TABLE `BetHistory` DISABLE KEYS */;
INSERT INTO `BetHistory` VALUES (50891393045,'100010972726703','SINGLE',NULL,100000,8.00000,700000,'NOT_FINISHED',NULL,NULL,'2024-06-12 13:46:00','2024-06-14 09:14:04'),(50891401989,'100002362515754','SINGLE',NULL,200000,6.50000,1100000,'NOT_FINISHED',NULL,NULL,'2024-06-12 13:47:00','2024-06-14 09:20:25'),(50891749425,'100004533095969','SINGLE',NULL,100000,16.00000,1500000,'NOT_FINISHED',NULL,NULL,'2024-06-12 13:59:00','2024-06-14 09:19:52'),(50891953617,'100010972726703','SINGLE',NULL,100000,12.70000,1170000,'NOT_FINISHED',NULL,NULL,'2024-06-12 14:07:00','2024-06-14 09:14:04'),(50911194883,'100004614064009','SINGLE',NULL,50000,9.00000,400000,'NOT_FINISHED',NULL,NULL,'2024-06-13 05:12:00','2024-06-14 09:20:05'),(50923863155,'100004056801368','SINGLE',NULL,150000,4.95000,592500,'NOT_FINISHED',NULL,NULL,'2024-06-13 15:26:00','2024-06-14 09:17:20'),(50923874695,'100004056801368','SINGLE',NULL,150000,16.00000,2250000,'NOT_FINISHED',NULL,NULL,'2024-06-13 15:27:00','2024-06-14 09:17:20'),(50925476251,'100004056801368','SINGLE',NULL,500000,3.25000,1125000,'NOT_FINISHED',NULL,NULL,'2024-06-13 16:13:00','2024-06-14 09:17:20'),(50925486627,'100004056801368','SINGLE',NULL,200000,5.00000,800000,'NOT_FINISHED',NULL,NULL,'2024-06-13 16:14:00','2024-06-14 09:17:21'),(50939010791,'100004614064009','SINGLE',NULL,20000,1.29500,5900,'WIN','2024-06-14 21:39:14',5900,'2024-06-14 01:50:00','2024-06-14 21:39:14'),(50939014613,'100004533095969','SINGLE',NULL,20000,2.35000,27000,'WIN','2024-06-14 21:39:14',27000,'2024-06-14 01:51:00','2024-06-14 21:39:14'),(50940618915,'100010972726703','SINGLE',NULL,30000,1.87700,26310,'WIN','2024-06-14 21:39:14',26310,'2024-06-14 04:32:00','2024-06-14 21:39:14'),(50940621757,'100010972726703','SINGLE',NULL,30000,1.91400,27420,'WIN','2024-06-14 21:39:14',27420,'2024-06-14 04:33:00','2024-06-14 21:39:14'),(50951174541,'100004056801368','SINGLE',NULL,30000,1.62000,18600,'WIN','2024-06-14 19:39:14',18600,'2024-06-14 13:29:00','2024-06-14 19:39:14'),(50951196569,'100004056801368','SINGLE',NULL,30000,1.28000,8400,'DRAW','2024-06-14 19:39:14',0,'2024-06-14 13:30:00','2024-06-14 19:39:14'),(50951980635,'100004056801368','SINGLE',NULL,50000,1.97000,48500,'WIN','2024-06-14 21:39:14',48500,'2024-06-14 13:58:00','2024-06-14 21:39:14'),(50952003761,'100002362515754','SINGLE',NULL,60000,1.84600,50760,'WIN','2024-06-14 21:39:14',50760,'2024-06-14 13:59:00','2024-06-14 21:39:14'),(50952342189,'100004056801368','SINGLE',NULL,50000,1.39000,19500,'WIN','2024-06-14 19:39:14',19500,'2024-06-14 14:11:00','2024-06-14 19:39:14'),(50973956023,'100010972726703','SINGLE',NULL,30000,1.78900,23670,'WIN','2024-06-15 15:21:02',23670,'2024-06-15 04:26:00','2024-06-15 15:21:03'),(50973960463,'100010972726703','SINGLE',NULL,30000,1.90400,27120,'LOST','2024-06-15 15:21:02',-30000,'2024-06-15 04:27:00','2024-06-15 15:21:03'),(50973967673,'100010972726703','SINGLE',NULL,30000,1.93800,28140,'LOST','2024-06-15 21:51:57',-30000,'2024-06-15 04:27:00','2024-06-15 21:52:01'),(50973970373,'100010972726703','SINGLE',NULL,30000,1.99100,29730,'LOST','2024-06-15 21:51:57',-30000,'2024-06-15 04:27:00','2024-06-15 21:52:01'),(50975606043,'100004533095969','SINGLE',NULL,20000,2.60000,32000,'LOST','2024-06-15 15:21:02',-20000,'2024-06-15 06:19:00','2024-06-15 15:21:03'),(50975612743,'100004533095969','SINGLE',NULL,20000,2.23400,24680,'WIN','2024-06-15 21:51:57',24680,'2024-06-15 06:20:00','2024-06-15 21:52:01'),(50975733235,'100002362515754','SINGLE',NULL,100000,1.96200,96200,'WIN','2024-06-15 21:51:57',96200,'2024-06-15 06:26:00','2024-06-15 21:52:01'),(50975782619,'100002362515754','ACCUMULATOR',NULL,100000,3.77880,277880,'LOST','2024-06-15 21:51:56',-100000,'2024-06-15 06:29:00','2024-06-15 21:52:01'),(50976733373,'100004614064009','SINGLE',NULL,20000,1.96200,19240,'WIN','2024-06-15 21:51:56',19240,'2024-06-15 07:18:00','2024-06-15 21:52:01'),(50977408557,'100004614064009','SINGLE',NULL,20000,1.93000,18600,'LOST','2024-06-15 15:21:02',-20000,'2024-06-15 07:51:00','2024-06-15 15:21:03'),(50982956553,'100004056801368','SINGLE',NULL,50000,2.16600,58300,'WIN','2024-06-15 21:51:56',58300,'2024-06-15 11:14:00','2024-06-15 21:52:01'),(50983704533,'100004056801368','SINGLE',NULL,50000,2.07000,53499,'WIN','2024-06-15 15:21:02',53500,'2024-06-15 11:38:00','2024-06-15 15:21:03'),(50983712599,'100004056801368','SINGLE',NULL,50000,1.70000,35000,'WIN','2024-06-15 15:21:02',35000,'2024-06-15 11:38:00','2024-06-15 15:21:03'),(50988730563,'100002362515754','SINGLE',NULL,100000,1.78000,78000,'WIN','2024-06-15 21:51:56',78000,'2024-06-15 13:59:00','2024-06-15 21:52:01'),(50989177217,'100004056801368','SINGLE',NULL,50000,1.59000,29500,'WIN','2024-06-15 21:51:56',29500,'2024-06-15 14:11:00','2024-06-15 21:52:01'),(50992462089,'100004533095969','SINGLE',NULL,20000,2.03000,20599,'LOST','2024-06-15 21:51:56',-20000,'2024-06-15 15:37:00','2024-06-15 21:52:01'),(50992531589,'100010972726703','SINGLE',NULL,30000,2.08400,32520,'WIN','2024-06-15 21:51:55',32520,'2024-06-15 15:39:00','2024-06-15 21:52:01'),(50995813721,'100004614064009','SINGLE',NULL,20000,1.52200,10440,'DRAW','2024-06-15 21:51:55',0,'2024-06-15 17:03:00','2024-06-15 21:52:01'),(51012715193,'100002362515754','SINGLE',NULL,30000,1.94000,28200,'LOST','2024-06-16 15:49:53',-30000,'2024-06-16 03:47:00','2024-06-16 15:49:52'),(51012719713,'100010972726703','SINGLE',NULL,30000,1.80700,24210,'DRAW','2024-06-16 23:31:51',0,'2024-06-16 03:48:00','2024-06-16 23:31:51'),(51012722143,'100002362515754','SINGLE',NULL,30000,1.99100,29730,'WIN','2024-06-16 23:31:51',29730,'2024-06-16 03:48:00','2024-06-16 23:31:51'),(51012730837,'100010972726703','SINGLE',NULL,30000,1.86100,25830,'LOST','2024-06-16 23:31:51',-30000,'2024-06-16 03:49:00','2024-06-16 23:31:51'),(51014530515,'100010972726703','SINGLE',NULL,30000,1.95900,28770,'LOST','2024-06-16 23:31:51',-30000,'2024-06-16 05:51:00','2024-06-16 23:31:51'),(51014542563,'100010972726703','SINGLE',NULL,30000,1.98100,29430,'WIN','2024-06-16 15:49:53',29430,'2024-06-16 05:51:00','2024-06-16 15:49:52'),(51019171711,'100004533095969','SINGLE',NULL,20000,1.91000,18200,'DRAW','2024-06-16 15:49:53',0,'2024-06-16 09:16:00','2024-06-16 15:49:52'),(51019186593,'100004533095969','SINGLE',NULL,20000,1.84200,16840,'LOST','2024-06-16 23:31:51',-20000,'2024-06-16 09:17:00','2024-06-16 23:31:51'),(51019198447,'100004533095969','SINGLE',NULL,20000,2.33000,26600,'LOST','2024-06-16 23:31:51',-20000,'2024-06-16 09:17:00','2024-06-16 23:31:51'),(51021347247,'100004056801368','SINGLE',NULL,50000,1.68000,34000,'WIN','2024-06-16 15:49:52',34000,'2024-06-16 10:31:00','2024-06-16 15:49:52'),(51021358419,'100004056801368','SINGLE',NULL,50000,1.42000,21000,'LOST','2024-06-16 23:31:51',-50000,'2024-06-16 10:31:00','2024-06-16 23:31:51'),(51021384505,'100004056801368','SINGLE',NULL,50000,2.35800,67900,'LOST','2024-06-16 23:31:51',-50000,'2024-06-16 10:32:00','2024-06-16 23:31:51'),(51021523219,'100002362515754','ACCUMULATOR',NULL,100000,4.06120,306120,'LOST','2024-06-16 23:31:51',-100000,'2024-06-16 10:37:00','2024-06-16 23:31:51'),(51021552719,'100002362515754','SINGLE',NULL,100000,2.12000,112000,'WIN','2024-06-16 23:31:51',112000,'2024-06-16 10:38:00','2024-06-16 23:31:51'),(51023882715,'100004056801368','SINGLE',NULL,50000,1.95200,47600,'WIN','2024-06-16 15:49:52',47600,'2024-06-16 11:50:00','2024-06-16 15:49:52'),(51023893829,'100004614064009','SINGLE',NULL,20000,1.79800,15960,'DRAW','2024-06-16 15:49:52',0,'2024-06-16 11:50:00','2024-06-16 15:49:52'),(51023907225,'100004614064009','SINGLE',NULL,20000,2.05200,21040,'HALF_LOST','2024-06-16 23:31:51',-10000,'2024-06-16 11:51:00','2024-06-16 23:31:51'),(51023917751,'100004614064009','SINGLE',NULL,20000,1.50900,10179,'WIN','2024-06-16 23:31:51',10180,'2024-06-16 11:51:00','2024-06-16 23:31:51'),(51026203443,'100004056801368','SINGLE',NULL,50000,1.79000,39500,'WIN','2024-06-16 15:49:52',39500,'2024-06-16 12:53:00','2024-06-16 15:49:52'),(51050844561,'100010972726703','SINGLE',NULL,30000,1.82800,24840,'LOST','2024-06-17 21:13:06',-30000,'2024-06-17 04:29:00','2024-06-17 21:13:06'),(51050848963,'100010972726703','SINGLE',NULL,30000,1.88300,26490,'DRAW','2024-06-17 21:13:06',0,'2024-06-17 04:30:00','2024-06-17 21:13:06'),(51054324855,'100004614064009','SINGLE',NULL,20000,1.33000,6600,'LOST','2024-06-17 15:23:27',-20000,'2024-06-17 08:49:00','2024-06-17 15:23:27'),(51054328765,'100004614064009','SINGLE',NULL,20000,1.56300,11260,'LOST','2024-06-17 21:13:06',-20000,'2024-06-17 08:50:00','2024-06-17 21:13:06'),(51054332377,'100004614064009','SINGLE',NULL,20000,2.04400,20880,'DRAW','2024-06-17 21:13:06',0,'2024-06-17 08:50:00','2024-06-17 21:13:06'),(51054341545,'100002362515754','SINGLE',NULL,100000,2.04400,104400,'DRAW','2024-06-17 21:13:06',0,'2024-06-17 08:50:00','2024-06-17 21:13:06'),(51054365327,'100002362515754','ACCUMULATOR',NULL,100000,2.81030,181030,'LOST','2024-06-17 21:13:06',-100000,'2024-06-17 08:52:00','2024-06-17 21:13:06'),(51055139075,'100004533095969','SINGLE',NULL,20000,1.75400,15080,'LOST','2024-06-17 15:24:13',-20000,'2024-06-17 09:30:00','2024-06-17 15:24:13'),(51055152773,'100004533095969','SINGLE',NULL,20000,1.55300,11060,'LOST','2024-06-17 21:13:06',-20000,'2024-06-17 09:31:00','2024-06-17 21:13:06'),(51055160015,'100004533095969','SINGLE',NULL,20000,1.48000,9600,'WIN','2024-06-17 21:13:06',9600,'2024-06-17 09:31:00','2024-06-17 21:13:06'),(51055209663,'100002362515754','ACCUMULATOR',NULL,20000,4.63431,72686,'LOST','2024-06-17 21:13:06',-20000,'2024-06-17 09:34:00','2024-06-17 21:13:06'),(51058208541,'100004056801368','SINGLE',NULL,50000,1.87700,43850,'LOST','2024-06-17 21:13:06',-50000,'2024-06-17 11:42:00','2024-06-17 21:13:06'),(51059574409,'100002362515754','SINGLE',NULL,50000,2.16600,58300,'WIN','2024-06-17 15:22:23',58300,'2024-06-17 12:31:00','2024-06-17 15:22:23'),(51059609271,'100004056801368','SINGLE',NULL,50000,1.38000,19000,'LOST','2024-06-17 21:13:06',-50000,'2024-06-17 12:32:00','2024-06-17 21:13:05'),(51059667329,'100004056801368','SINGLE',NULL,50000,1.78000,39000,'LOST','2024-06-17 15:24:50',-50000,'2024-06-17 12:34:00','2024-06-17 15:24:50'),(51060405773,'100004056801368','SINGLE',NULL,50000,1.80000,40000,'LOST','2024-06-17 15:22:59',-50000,'2024-06-17 12:56:00','2024-06-17 15:22:59'),(51062698739,'100004056801368','SINGLE',NULL,50000,1.51000,25500,'LOST','2024-06-17 21:13:06',-50000,'2024-06-17 14:06:00','2024-06-17 21:13:05'),(51063035833,'100004056801368','SINGLE',NULL,50000,1.50100,25050,'LOST','2024-06-17 21:13:06',-50000,'2024-06-17 14:17:00','2024-06-17 21:13:05'),(51063296631,'100002362515754','SINGLE',NULL,100000,1.75000,75000,'LOST','2024-06-17 21:13:06',-100000,'2024-06-17 14:23:00','2024-06-17 21:13:05'),(51063799179,'100004614064009','SINGLE',NULL,30000,1.99100,29730,'DRAW','2024-06-17 21:13:06',0,'2024-06-17 14:36:00','2024-06-17 21:13:05'),(51064573657,'100004533095969','SINGLE',NULL,50000,1.75400,37700,'LOST','2024-06-17 21:13:06',-50000,'2024-06-17 14:59:00','2024-06-17 21:13:05'),(51065335877,'100004056801368','SINGLE',NULL,50000,1.60300,30150,'WIN','2024-06-17 21:13:06',30150,'2024-06-17 15:18:00','2024-06-17 21:13:05'),(51080551999,'100010972726703','SINGLE',NULL,30000,1.00000,0,'DRAW','2024-06-18 21:05:14',0,'2024-06-18 00:48:00','2024-06-19 00:53:53'),(51082680973,'100002362515754','SINGLE',NULL,100000,2.23000,123000,'LOST','2024-06-18 20:57:08',-100000,'2024-06-18 04:01:00','2024-06-19 00:54:57'),(51082690037,'100002362515754','ACCUMULATOR',NULL,100000,2.78047,178047,'WIN','2024-06-18 21:01:52',178047,'2024-06-18 04:02:00','2024-06-19 00:54:57'),(51083017249,'100004614064009','SINGLE',NULL,20000,1.86200,17240,'WIN','2024-06-18 17:27:00',17240,'2024-06-18 04:39:00','2024-06-19 00:54:39'),(51083019391,'100004614064009','SINGLE',NULL,30000,1.92900,27870,'HALF_LOST','2024-06-18 21:05:25',-15000,'2024-06-18 04:40:00','2024-06-19 00:54:39'),(51083553415,'100002362515754','SINGLE',NULL,2500,1.51300,1282,'WIN','2024-06-18 20:57:58',1282,'2024-06-18 05:32:00','2024-06-19 00:54:57'),(51093623565,'100004056801368','SINGLE',NULL,100000,1.69100,69100,'WIN','2024-06-18 18:02:51',69100,'2024-06-18 13:46:00','2024-06-19 00:54:24'),(51093628401,'100004056801368','SINGLE',NULL,100000,1.46000,46000,'WIN','2024-06-18 17:26:45',46000,'2024-06-18 13:46:00','2024-06-19 00:54:24'),(51093636775,'100004056801368','SINGLE',NULL,100000,1.36000,36000,'WIN','2024-06-18 20:53:54',36000,'2024-06-18 13:47:00','2024-06-19 00:54:24'),(51093641361,'100004056801368','SINGLE',NULL,100000,1.59000,59000,'WIN','2024-06-18 20:53:42',59000,'2024-06-18 13:47:00','2024-06-19 00:54:24'),(51093650159,'100004056801368','SINGLE',NULL,100000,1.55000,55000,'WIN','2024-06-18 16:16:57',55000,'2024-06-18 13:47:00','2024-06-19 00:54:24'),(51093658469,'100004056801368','SINGLE',NULL,100000,1.44000,44000,'WIN','2024-06-18 15:27:54',44000,'2024-06-18 13:47:00','2024-06-19 00:54:24'),(51094189307,'100004056801368','SINGLE',NULL,100000,2.32000,131999,'LOST','2024-06-18 18:26:28',-100000,'2024-06-18 14:05:00','2024-06-19 00:54:24'),(51113189395,'100004614064009','SINGLE',NULL,20000,1.93500,18700,'LOST','2024-06-19 15:12:56',-20000,'2024-06-19 03:00:00','2024-06-19 15:12:55'),(51113387525,'100004533095969','SINGLE',NULL,100000,2.25000,125000,'LOST','2024-06-19 15:12:56',-100000,'2024-06-19 03:21:00','2024-06-19 15:12:55'),(51113587883,'100004614064009','SINGLE',NULL,47000,2.19000,55930,'DRAW','2024-06-19 21:07:34',0,'2024-06-19 03:43:00','2024-06-19 21:07:34'),(51113593303,'100004614064009','SINGLE',NULL,3000,2.19000,3570,'DRAW','2024-06-19 21:07:34',0,'2024-06-19 03:43:00','2024-06-19 21:07:34'),(51114637175,'100002362515754','SINGLE',NULL,100000,1.81400,81400,'WIN','2024-06-19 21:07:34',81400,'2024-06-19 05:28:00','2024-06-19 21:07:34'),(51114678241,'100002362515754','ACCUMULATOR',NULL,100000,3.81360,281360,'LOST','2024-06-19 21:07:34',-100000,'2024-06-19 05:31:00','2024-06-19 21:07:34'),(51123580421,'100002362515754','ACCUMULATOR',NULL,100000,3.13650,213650,'LOST','2024-06-19 21:07:34',-100000,'2024-06-19 12:02:00','2024-06-19 21:07:34'),(51123615773,'100004056801368','SINGLE',NULL,100000,2.09000,109000,'WIN','2024-06-19 21:07:34',109000,'2024-06-19 12:03:00','2024-06-19 21:07:34'),(51123635161,'100004056801368','SINGLE',NULL,100000,1.30000,30000,'WIN','2024-06-19 21:07:34',30000,'2024-06-19 12:04:00','2024-06-19 21:07:34'),(51123761167,'100004056801368','SINGLE',NULL,100000,1.47000,47000,'WIN','2024-06-19 15:12:56',47000,'2024-06-19 12:07:00','2024-06-19 15:12:55'),(51123767225,'100004056801368','SINGLE',NULL,100000,2.01700,101700,'WIN','2024-06-19 15:12:56',101700,'2024-06-19 12:07:00','2024-06-19 15:12:55'),(51123783025,'100010972726703','SINGLE',NULL,40000,2.01700,40680,'WIN','2024-06-19 15:12:56',40680,'2024-06-19 12:08:00','2024-06-19 15:12:55'),(51123940509,'100004056801368','SINGLE',NULL,100000,1.55000,55000,'WIN','2024-06-19 21:07:34',55000,'2024-06-19 12:12:00','2024-06-19 21:07:34'),(51124185717,'100004056801368','SINGLE',NULL,100000,1.40000,40000,'WIN','2024-06-19 21:07:34',40000,'2024-06-19 12:19:00','2024-06-19 21:07:34'),(51124622061,'100002362515754','SINGLE',NULL,100000,2.00000,100000,'NOT_FINISHED',NULL,NULL,'2024-06-19 12:30:00','2024-06-19 15:12:15'),(51127432613,'100010972726703','SINGLE',NULL,100000,2.05200,105200,'LOST','2024-06-19 21:07:34',-100000,'2024-06-19 13:39:00','2024-06-19 21:07:34'),(51129123505,'100004056801368','SINGLE',NULL,100000,1.59200,59200,'WIN','2024-06-19 15:12:56',59200,'2024-06-19 14:22:00','2024-06-19 15:12:55'),(51131176387,'100002362515754','ACCUMULATOR',NULL,100000,2.58720,158720,'WIN','2024-06-19 21:07:34',158720,'2024-06-19 15:10:00','2024-06-19 21:07:34'),(51131523029,'100004056801368','SINGLE',NULL,100000,1.87900,87900,'LOST','2024-06-19 21:07:34',-100000,'2024-06-19 15:16:00','2024-06-19 21:07:34'),(51156157143,'100002362515754','ACCUMULATOR',NULL,100000,4.70890,370890,'LOST','2024-06-20 18:22:34',-100000,'2024-06-20 08:47:00','2024-06-20 18:22:34'),(51156164319,'100002362515754','SINGLE',NULL,100000,2.27500,127500,'WIN','2024-06-20 21:22:34',127500,'2024-06-20 08:48:00','2024-06-20 21:22:34'),(51159930933,'100010972726703','SINGLE',NULL,50000,1.97600,48800,'WIN','2024-06-20 15:12:02',48800,'2024-06-20 11:26:00','2024-06-20 15:12:02'),(51159944263,'100010972726703','SINGLE',NULL,50000,1.82100,41050,'LOST','2024-06-20 18:22:34',-50000,'2024-06-20 11:27:00','2024-06-20 18:22:34'),(51159965197,'100010972726703','SINGLE',NULL,50000,2.02900,51450,'LOST','2024-06-20 21:07:34',-50000,'2024-06-20 11:27:00','2024-06-20 21:07:34'),(51159978605,'100004056801368','SINGLE',NULL,100000,1.93000,93000,'LOST','2024-06-20 21:07:34',-100000,'2024-06-20 11:28:00','2024-06-20 21:07:34'),(51159986643,'100004056801368','SINGLE',NULL,100000,1.43000,43000,'DRAW','2024-06-20 15:12:02',0,'2024-06-20 11:28:00','2024-06-20 15:12:02'),(51159996293,'100004056801368','SINGLE',NULL,100000,1.66600,66600,'DRAW','2024-06-20 18:22:34',0,'2024-06-20 11:29:00','2024-06-20 18:22:34'),(51160081421,'100004056801368','SINGLE',NULL,100000,1.33000,33000,'WIN','2024-06-20 15:12:02',33000,'2024-06-20 11:32:00','2024-06-20 15:12:02'),(51160277929,'100004614064009','SINGLE',NULL,20000,1.96400,19280,'LOST','2024-06-20 15:12:02',-20000,'2024-06-20 11:38:00','2024-06-20 15:12:02'),(51160284845,'100004614064009','SINGLE',NULL,20000,2.28700,25740,'LOST','2024-06-20 18:22:34',-20000,'2024-06-20 11:39:00','2024-06-20 18:22:34'),(51160293023,'100004614064009','SINGLE',NULL,20000,2.04000,20800,'HALF_LOST','2024-06-20 18:22:34',-10000,'2024-06-20 11:39:00','2024-06-20 18:22:34'),(51160299259,'100004614064009','SINGLE',NULL,40000,2.30600,52240,'WIN','2024-06-20 21:22:34',52240,'2024-06-20 11:39:00','2024-06-20 21:22:34'),(51162505297,'100004056801368','SINGLE',NULL,100000,1.72500,72500,'LOST','2024-06-20 15:12:02',-100000,'2024-06-20 12:48:00','2024-06-20 15:12:02'),(51163991085,'100004056801368','SINGLE',NULL,100000,2.00300,100300,'LOST','2024-06-21 02:22:34',-100000,'2024-06-20 13:27:00','2024-06-21 02:22:34'),(51168887535,'100004533095969','SINGLE',NULL,30000,2.20500,36150,'WIN','2024-06-20 18:22:34',36150,'2024-06-20 15:30:00','2024-06-20 18:22:34'),(51171256123,'100002362515754','SINGLE',NULL,100000,2.17000,117000,'LOST','2024-06-20 18:07:06',-100000,'2024-06-20 16:24:00','2024-06-21 00:50:22'),(51198031577,'100002362515754','SINGLE',NULL,100000,1.77000,77000,'WIN','2024-06-21 21:22:34',77000,'2024-06-21 11:51:00','2024-06-21 21:22:34'),(51198068823,'100002362515754','ACCUMULATOR',NULL,100000,2.69040,169040,'WIN','2024-06-21 18:07:34',169040,'2024-06-21 11:53:00','2024-06-21 18:07:34'),(51198524647,'100004533095969','SINGLE',NULL,20000,1.99300,19860,'WIN','2024-06-21 15:07:34',19860,'2024-06-21 12:07:00','2024-06-21 15:07:34'),(51199663003,'100004056801368','SINGLE',NULL,100000,1.82500,82500,'LOST','2024-06-21 15:07:34',-100000,'2024-06-21 12:39:00','2024-06-21 15:07:34'),(51199668431,'100004056801368','SINGLE',NULL,100000,1.33000,33000,'WIN','2024-06-21 15:07:34',33000,'2024-06-21 12:40:00','2024-06-21 15:07:34'),(51199677121,'100004056801368','SINGLE',NULL,100000,1.93000,93000,'WIN','2024-06-21 18:07:34',93000,'2024-06-21 12:40:00','2024-06-21 18:07:34'),(51199688153,'100004056801368','SINGLE',NULL,200000,1.50000,100000,'LOST','2024-06-21 21:22:34',-200000,'2024-06-21 12:40:00','2024-06-21 21:22:34'),(51204831767,'100004614064009','SINGLE',NULL,30000,2.10100,33030,'LOST','2024-06-21 21:22:34',-30000,'2024-06-21 14:58:00','2024-06-21 21:22:34'),(51205069041,'100004533095969','SINGLE',NULL,20000,1.68400,13680,'WIN','2024-06-21 21:22:34',13680,'2024-06-21 15:03:00','2024-06-21 21:22:34'),(51205426971,'100004614064009','SINGLE',NULL,20000,3.02000,40400,'LOST','2024-06-21 18:07:34',-20000,'2024-06-21 15:11:00','2024-06-21 18:07:34'),(51206024917,'100004533095969','SINGLE',NULL,20000,2.07100,21420,'WIN','2024-06-21 18:07:34',21420,'2024-06-21 15:24:00','2024-06-21 18:07:34'),(51227597581,'100002362515754','ACCUMULATOR',NULL,100000,3.66240,266240,'LOST','2024-06-22 21:07:34',-100000,'2024-06-22 07:09:00','2024-06-22 21:07:34'),(51227604193,'100002362515754','SINGLE',NULL,100000,1.89000,89000,'WIN','2024-06-22 18:07:34',89000,'2024-06-22 07:10:00','2024-06-22 18:07:34'),(51231734863,'100010972726703','SINGLE',NULL,50000,1.97600,48800,'LOST','2024-06-22 15:07:35',-50000,'2024-06-22 10:06:00','2024-06-22 15:07:35'),(51231807381,'100010972726703','SINGLE',NULL,50000,2.10100,55050,'WIN','2024-06-22 18:07:34',55050,'2024-06-22 10:09:00','2024-06-22 18:07:34'),(51231844375,'100004533095969','SINGLE',NULL,20000,1.79000,15800,'WIN','2024-06-22 15:07:35',15800,'2024-06-22 10:10:00','2024-06-22 15:07:35'),(51235998115,'100004056801368','SINGLE',NULL,100000,1.35000,35000,'DRAW','2024-06-22 15:07:35',0,'2024-06-22 12:24:00','2024-06-22 15:07:35'),(51236003461,'100004056801368','SINGLE',NULL,100000,1.68000,68000,'WIN','2024-06-22 15:07:35',68000,'2024-06-22 12:24:00','2024-06-22 15:07:35'),(51236020751,'100004056801368','SINGLE',NULL,100000,1.71000,71000,'LOST','2024-06-22 18:07:34',-100000,'2024-06-22 12:24:00','2024-06-22 18:07:34'),(51236028871,'100004056801368','SINGLE',NULL,100000,1.76900,76900,'LOST','2024-06-22 21:07:34',-100000,'2024-06-22 12:25:00','2024-06-22 21:07:34'),(51236724535,'100004614064009','SINGLE',NULL,20000,1.85600,17120,'LOST','2024-06-22 15:07:35',-20000,'2024-06-22 12:44:00','2024-06-22 15:07:35'),(51236734443,'100004614064009','SINGLE',NULL,30000,2.10100,33030,'WIN','2024-06-22 18:07:34',33030,'2024-06-22 12:44:00','2024-06-22 18:07:34'),(51236742069,'100004614064009','SINGLE',NULL,20000,1.98000,19600,'WIN','2024-06-22 21:07:34',19600,'2024-06-22 12:45:00','2024-06-22 21:07:34'),(51243701767,'100004533095969','SINGLE',NULL,20000,1.68000,13600,'LOST','2024-06-22 18:07:34',-20000,'2024-06-22 15:32:00','2024-06-22 18:07:34'),(51243713637,'100004533095969','SINGLE',NULL,20000,1.52500,10500,'WIN','2024-06-22 21:07:34',10500,'2024-06-22 15:32:00','2024-06-22 21:07:34'),(51258440557,'100004056801368','SINGLE',NULL,100000,1.94000,94000,'LOST','2024-06-23 03:22:34',-100000,'2024-06-22 23:11:00','2024-06-23 03:22:34'),(51258449655,'100004056801368','SINGLE',NULL,100000,1.86000,86000,'LOST','2024-06-23 03:52:34',-100000,'2024-06-22 23:11:00','2024-06-23 03:52:34'),(51258473425,'100004056801368','SINGLE',NULL,100000,1.84000,84000,'LOST','2024-06-23 03:22:34',-100000,'2024-06-22 23:12:00','2024-06-23 03:22:34'),(51260460179,'100004533095969','SINGLE',NULL,20000,1.64000,12800,'WIN','2024-06-23 03:22:34',12800,'2024-06-23 00:57:00','2024-06-23 03:22:34'),(51263626749,'100004533095969','SINGLE',NULL,20000,1.76600,15320,'LOST','2024-06-23 07:07:34',-20000,'2024-06-23 04:32:00','2024-06-23 07:07:34'),(51263636867,'100010972726703','SINGLE',NULL,50000,1.80200,40100,'NOT_FINISHED',NULL,NULL,'2024-06-23 04:33:00','2024-06-23 04:34:50'),(51263643985,'100010972726703','SINGLE',NULL,50000,2.02800,51400,'NOT_FINISHED',NULL,NULL,'2024-06-23 04:33:00','2024-06-23 04:34:50'),(51266178151,'100002362515754','SINGLE',NULL,200000,2.24800,249600,'NOT_FINISHED',NULL,NULL,'2024-06-23 07:27:00','2024-06-23 07:36:23'),(51266206457,'100002362515754','ACCUMULATOR',NULL,100000,3.50581,250581,'NOT_FINISHED',NULL,NULL,'2024-06-23 07:28:00','2024-06-23 07:36:23');
/*!40000 ALTER TABLE `BetHistory` ENABLE KEYS */;
UNLOCK TABLES;

--
-- Table structure for table `BetMatchDetail`
--

DROP TABLE IF EXISTS `BetMatchDetail`;
/*!40101 SET @saved_cs_client     = @@character_set_client */;
/*!50503 SET character_set_client = utf8mb4 */;
CREATE TABLE `BetMatchDetail` (
  `id` int NOT NULL AUTO_INCREMENT,
  `betId` bigint NOT NULL,
  `matchId` bigint DEFAULT '0',
  `matchTime` timestamp NOT NULL,
  `firstTeam` varchar(255) NOT NULL,
  `secondTeam` varchar(255) DEFAULT NULL,
  `tournamentName` varchar(255) DEFAULT NULL,
  `event` varchar(64) NOT NULL,
  `firstHalfOnly` tinyint DEFAULT NULL,
  `score` varchar(64) DEFAULT NULL,
  `ratio` decimal(5,3) NOT NULL DEFAULT '0.000',
  `result` varchar(16) NOT NULL DEFAULT 'NOT_FINISHED',
  `updatedAt` timestamp NOT NULL DEFAULT CURRENT_TIMESTAMP ON UPDATE CURRENT_TIMESTAMP,
  PRIMARY KEY (`id`),
  KEY `fk_BetMatchDetail_BetHistory_idx` (`betId`),
  CONSTRAINT `fk_BetMatchDetail_BetHistory` FOREIGN KEY (`betId`) REFERENCES `BetHistory` (`betId`)
) ENGINE=InnoDB AUTO_INCREMENT=334 DEFAULT CHARSET=utf8mb4 COLLATE=utf8mb4_0900_ai_ci;
/*!40101 SET character_set_client = @saved_cs_client */;

--
-- Dumping data for table `BetMatchDetail`
--

LOCK TABLES `BetMatchDetail` WRITE;
/*!40000 ALTER TABLE `BetMatchDetail` DISABLE KEYS */;
INSERT INTO `BetMatchDetail` VALUES (144,50891393045,519988635,'2024-06-14 19:00:00','UEFA European Championship 2024. Winner','','UEFA European Championship 2024. Winner','Portugal Wins - Yes',NULL,NULL,8.000,'NOT_FINISHED','2024-06-14 09:14:04'),(145,50891953617,521757054,'2024-06-14 19:00:00','UEFA European Championship 2024. Top goalscorer','','UEFA European Championship 2024. Winner','Cristiano Ronaldo Wins - Yes',NULL,NULL,12.700,'NOT_FINISHED','2024-06-14 09:14:04'),(146,50940618915,494350063,'2024-06-14 19:00:00','Germany','Scotland','UEFA European Championship 2024','Handicap 1 (-1.5)',NULL,'5:1 (3:0,2:1)',1.877,'WIN','2024-06-14 21:39:14'),(147,50940621757,494350063,'2024-06-14 19:00:00','Germany','Scotland','UEFA European Championship 2024','Total Over (2.75)',NULL,'5:1 (3:0,2:1)',1.914,'WIN','2024-06-14 21:39:14'),(148,50939014613,494350063,'2024-06-14 19:00:00','Germany','Scotland','UEFA European Championship 2024','Handicap 1 (-2)',NULL,'5:1 (3:0,2:1)',2.350,'WIN','2024-06-14 21:39:14'),(149,50939010791,494350063,'2024-06-14 19:00:00','Germany','Scotland','UEFA European Championship 2024','Handicap 1 (-0.75)',NULL,'5:1 (3:0,2:1)',1.295,'WIN','2024-06-14 21:39:14'),(151,50923863155,519988635,'2024-06-14 19:00:00','UEFA European Championship 2024. Winner','','UEFA European Championship 2024. Winner','France Wins - Yes',NULL,NULL,4.950,'NOT_FINISHED','2024-06-14 09:17:20'),(152,50923874695,521757054,'2024-06-14 19:00:00','UEFA European Championship 2024. Top goalscorer','','UEFA European Championship 2024. Winner','Jude Bellingham Wins - Yes',NULL,NULL,16.000,'NOT_FINISHED','2024-06-14 09:17:20'),(153,50925476251,519324065,'2024-06-21 00:00:00','Copa America. 2024. Winner','','Copa America. 2024. Winner','Brazil Wins - Yes',NULL,NULL,3.250,'NOT_FINISHED','2024-06-14 09:17:20'),(154,50925486627,530738058,'2024-06-21 00:00:00','Copa America. 2024. Top goalscorer','','Copa America. 2024. Winner','Vinicius Junior Wins - Yes',NULL,NULL,5.000,'NOT_FINISHED','2024-06-14 09:17:21'),(155,50891749425,519988635,'2024-06-14 19:00:00','UEFA European Championship 2024. Winner','','UEFA European Championship 2024. Winner','Netherlands Wins - Yes',NULL,NULL,16.000,'NOT_FINISHED','2024-06-14 09:19:52'),(156,50911194883,519988635,'2024-06-14 19:00:00','UEFA European Championship 2024. Winner','','UEFA European Championship 2024. Winner','Spain Wins - Yes',NULL,NULL,9.000,'NOT_FINISHED','2024-06-14 09:20:05'),(157,50891401989,519988635,'2024-06-14 19:00:00','UEFA European Championship 2024. Winner','','UEFA European Championship 2024. Winner','Germany Wins - Yes',NULL,NULL,6.500,'NOT_FINISHED','2024-06-14 09:20:25'),(158,50952003761,494350063,'2024-06-14 19:00:00','Germany','Scotland','UEFA European Championship 2024','Handicap 1 (-1.5)',NULL,'5:1 (3:0,2:1)',1.846,'WIN','2024-06-14 21:39:14'),(159,50951174541,538230673,'2024-06-14 17:00:00','FAR Rabat','FUS de Rabat','Morocco. Botola','Individual Total 1 Over (1.5)',NULL,'2:0 (0:0,2:0)',1.620,'WIN','2024-06-14 19:39:14'),(160,50951196569,537120289,'2024-06-14 17:00:00','Orgryte','Sundsvall','Sweden. Superettan','Total Over (2)',NULL,'1:1 (1:0,0:1)',1.280,'DRAW','2024-06-14 19:39:14'),(161,50951980635,494350063,'2024-06-14 19:00:00','Germany','Scotland','UEFA European Championship 2024','Individual Total 2 Over (0.5)',NULL,'5:1 (3:0,2:1)',1.970,'WIN','2024-06-14 21:39:14'),(162,50952342189,537672027,'2024-06-14 16:00:00','Farko','Al Ahly Cairo','Egypt. Premier League','Handicap 2 (-0.5)',NULL,'1:2 (1:2,0:0)',1.390,'WIN','2024-06-14 19:39:14'),(163,50975606043,494350067,'2024-06-15 13:00:00','Hungary','Switzerland','UEFA European Championship 2024','Handicap 1 (0)',NULL,'1:3 (0:2,1:1)',2.600,'LOST','2024-06-15 15:21:03'),(164,50975612743,494350320,'2024-06-15 16:00:00','Spain','Croatia','UEFA European Championship 2024','Handicap 1 (-0.75)',NULL,'3:0 (3:0,0:0)',2.234,'WIN','2024-06-15 21:52:01'),(165,50973956023,494350067,'2024-06-15 13:00:00','Hungary','Switzerland','UEFA European Championship 2024','Handicap 2 (-0.25)',NULL,'1:3 (0:2,1:1)',1.789,'WIN','2024-06-15 15:21:03'),(166,50973960463,494350067,'2024-06-15 13:00:00','Hungary','Switzerland','UEFA European Championship 2024','Total Under (2.25)',NULL,'1:3 (0:2,1:1)',1.904,'LOST','2024-06-15 15:21:03'),(167,50973967673,494350320,'2024-06-15 16:00:00','Spain','Croatia','UEFA European Championship 2024','Handicap 2 (0.5)',NULL,'3:0 (3:0,0:0)',1.938,'LOST','2024-06-15 21:52:01'),(168,50973970373,494350320,'2024-06-15 16:00:00','Spain','Croatia','UEFA European Championship 2024','Total Under (2.25)',NULL,'3:0 (3:0,0:0)',1.991,'LOST','2024-06-15 21:52:01'),(169,50975733235,494350320,'2024-06-15 16:00:00','Spain','Croatia','UEFA European Championship 2024','Handicap 1 (-0.5)',NULL,'3:0 (3:0,0:0)',1.962,'WIN','2024-06-15 21:52:01'),(170,50975782619,494350067,'2024-06-15 13:00:00','Hungary','Switzerland','UEFA European Championship 2024','Team 1 Not To Lose And Total < (3.5) - Yes',NULL,'1:3 (0:2,1:1)',2.010,'LOST','2024-06-15 21:52:01'),(171,50975782619,494350317,'2024-06-15 19:00:00','Italy','Albania','UEFA European Championship 2024','Team 1 To Win And Total < (3.5) - Yes',NULL,'2:1 (2:1,0:0)',1.880,'WIN','2024-06-15 21:52:01'),(172,50976733373,494350320,'2024-06-15 16:00:00','Spain','Croatia','UEFA European Championship 2024','Handicap 1 (-0.5)',NULL,'3:0 (3:0,0:0)',1.962,'WIN','2024-06-15 21:52:01'),(173,50977408557,494350067,'2024-06-15 13:00:00','Hungary','Switzerland','UEFA European Championship 2024','Total Under (2)',NULL,'1:3 (0:2,1:1)',1.930,'LOST','2024-06-15 15:21:03'),(174,50982956553,494350320,'2024-06-15 16:00:00','Spain','Croatia','UEFA European Championship 2024','Total Over (2.5)',NULL,'3:0 (3:0,0:0)',2.166,'WIN','2024-06-15 21:52:01'),(175,50983704533,494350067,'2024-06-15 13:00:00','Hungary','Switzerland','UEFA European Championship 2024','Both Teams To Score - Yes',NULL,'1:3 (0:2,1:1)',2.070,'WIN','2024-06-15 15:21:03'),(176,50983712599,538287654,'2024-06-15 13:00:00','Hungary','Switzerland','UEFA European Championship 2024','Cards: Total Over (3.5)',NULL,'2:2 (0:1,2:1)',1.700,'WIN','2024-06-15 15:21:03'),(177,50988730563,494350317,'2024-06-15 19:00:00','Italy','Albania','UEFA European Championship 2024','Team 1 To Win And Total < (3.5) - Yes',NULL,'2:1 (2:1,0:0)',1.780,'WIN','2024-06-15 21:52:01'),(178,50989177217,494350317,'2024-06-15 19:00:00','Italy','Albania','UEFA European Championship 2024','Individual Total 1 Over (1.5)',NULL,'2:1 (2:1,0:0)',1.590,'WIN','2024-06-15 21:52:01'),(179,50992462089,494350317,'2024-06-15 19:00:00','Italy','Albania','UEFA European Championship 2024','Handicap 1 (-1.5)',NULL,'2:1 (2:1,0:0)',2.030,'LOST','2024-06-15 21:52:01'),(180,50992531589,494350317,'2024-06-15 19:00:00','Italy','Albania','UEFA European Championship 2024','Total Over (2.5)',NULL,'2:1 (2:1,0:0)',2.084,'WIN','2024-06-15 21:52:01'),(181,50995813721,494350317,'2024-06-15 19:00:00','Italy','Albania','UEFA European Championship 2024','Handicap 1 (-1)',NULL,'2:1 (2:1,0:0)',1.522,'DRAW','2024-06-15 21:52:01'),(182,51012715193,520022289,'2024-06-16 13:00:00','Poland','Netherlands','UEFA European Championship 2024','Total Under (2.5)',NULL,'1:2 (1:1,0:1)',1.940,'LOST','2024-06-16 15:49:52'),(183,51012719713,494350323,'2024-06-16 19:00:00','Serbia','England','UEFA European Championship 2024','Handicap 2 (-1)',NULL,'0:1 (0:1,0:0)',1.807,'DRAW','2024-06-16 23:31:51'),(184,51012722143,494350323,'2024-06-16 19:00:00','Serbia','England','UEFA European Championship 2024','Total Under (2.5)',NULL,'0:1 (0:1,0:0)',1.991,'WIN','2024-06-16 23:31:51'),(185,51012730837,494353366,'2024-06-16 16:00:00','Slovenia','Denmark','UEFA European Championship 2024','Handicap 2 (-0.75)',NULL,'1:1 (0:1,1:0)',1.861,'LOST','2024-06-16 23:31:51'),(186,51014530515,494350323,'2024-06-16 19:00:00','Serbia','England','UEFA European Championship 2024','Total Over (2.5)',NULL,'0:1 (0:1,0:0)',1.959,'LOST','2024-06-16 23:31:51'),(187,51014542563,520022289,'2024-06-16 13:00:00','Poland','Netherlands','UEFA European Championship 2024','Total Over (2.5)',NULL,'1:2 (1:1,0:1)',1.981,'WIN','2024-06-16 15:49:52'),(188,51019171711,520022289,'2024-06-16 13:00:00','Poland','Netherlands','UEFA European Championship 2024','Handicap 2 (-1)',NULL,'1:2 (1:1,0:1)',1.910,'DRAW','2024-06-16 15:49:52'),(189,51019186593,494353366,'2024-06-16 16:00:00','Slovenia','Denmark','UEFA European Championship 2024','Handicap 2 (-0.75)',NULL,'1:1 (0:1,1:0)',1.842,'LOST','2024-06-16 23:31:51'),(190,51019198447,494350323,'2024-06-16 19:00:00','Serbia','England','UEFA European Championship 2024','Handicap 2 (-1.5)',NULL,'0:1 (0:1,0:0)',2.330,'LOST','2024-06-16 23:31:51'),(191,51021347247,520022289,'2024-06-16 13:00:00','Poland','Netherlands','UEFA European Championship 2024','Individual Total 2 Over (1.5)',NULL,'1:2 (1:1,0:1)',1.680,'WIN','2024-06-16 15:49:52'),(192,51021358419,494350323,'2024-06-16 19:00:00','Serbia','England','UEFA European Championship 2024','Total Over (2)',NULL,'0:1 (0:1,0:0)',1.420,'LOST','2024-06-16 23:31:51'),(193,51021384505,494353366,'2024-06-16 16:00:00','Slovenia','Denmark','UEFA European Championship 2024','Total Over (2.5)',NULL,'1:1 (0:1,1:0)',2.358,'LOST','2024-06-16 23:31:51'),(194,51021523219,494353366,'2024-06-16 16:00:00','Slovenia','Denmark','UEFA European Championship 2024','Team 2 To Win And Total > (1.5) - Yes',NULL,'1:1 (0:1,1:0)',2.200,'LOST','2024-06-16 23:31:51'),(195,51021523219,520022289,'2024-06-16 13:00:00','Poland','Netherlands','UEFA European Championship 2024','Handicap 2 (-1)',NULL,'1:2 (1:1,0:1)',1.846,'DRAW','2024-06-16 23:31:51'),(196,51021552719,494350323,'2024-06-16 19:00:00','Serbia','England','UEFA European Championship 2024','Team 2 To Win And Total < (3.5) - Yes',NULL,'0:1 (0:1,0:0)',2.120,'WIN','2024-06-16 23:31:51'),(197,51023882715,520022289,'2024-06-16 13:00:00','Poland','Netherlands','UEFA European Championship 2024','Both Teams To Score - Yes',NULL,'1:2 (1:1,0:1)',1.952,'WIN','2024-06-16 15:49:52'),(198,51023893829,520022289,'2024-06-16 13:00:00','Poland','Netherlands','UEFA European Championship 2024','Handicap 2 (-1)',NULL,'1:2 (1:1,0:1)',1.798,'DRAW','2024-06-16 15:49:52'),(199,51023907225,494353366,'2024-06-16 16:00:00','Slovenia','Denmark','UEFA European Championship 2024','Total Over (2.25)',NULL,'1:1 (0:1,1:0)',2.052,'HALF_LOST','2024-06-16 23:31:51'),(200,51023917751,494350323,'2024-06-16 19:00:00','Serbia','England','UEFA European Championship 2024','Handicap 2 (-0.5)',NULL,'0:1 (0:1,0:0)',1.509,'WIN','2024-06-16 23:31:51'),(201,51026203443,538962864,'2024-06-16 13:00:00','Poland','Netherlands','UEFA European Championship 2024','Total Over (1)',1,'1:1',1.790,'WIN','2024-06-16 15:49:52'),(202,51050844561,494350326,'2024-06-17 16:00:00','Belgium','Slovakia','UEFA European Championship 2024','Handicap 1 (-1)',NULL,'0:1 (0:1,0:0)',1.828,'LOST','2024-06-17 21:13:06'),(203,51050848963,494350334,'2024-06-17 19:00:00','Austria','France','UEFA European Championship 2024','Handicap 2 (-1)',NULL,'0:1 (0:1,0:0)',1.883,'DRAW','2024-06-17 21:13:06'),(204,51054341545,494350334,'2024-06-17 19:00:00','Austria','France','UEFA European Championship 2024','Handicap 2 (-1)',NULL,'0:1 (0:1,0:0)',2.044,'DRAW','2024-06-17 21:13:06'),(205,51054365327,494350326,'2024-06-17 16:00:00','Belgium','Slovakia','UEFA European Championship 2024','Team 1 To Win And Total > (1.5) - Yes',NULL,'0:1 (0:1,0:0)',1.790,'LOST','2024-06-17 21:13:06'),(206,51054365327,520022286,'2024-06-17 13:00:00','Romania','Ukraine','UEFA European Championship 2024','Team 2 Not To Lose And Total < (3.5) - Yes',NULL,'3:0 (1:0,2:0)',1.570,'LOST','2024-06-17 21:13:06'),(207,51054324855,520022286,'2024-06-17 13:00:00','Romania','Ukraine','UEFA European Championship 2024','Handicap 2 (0)',NULL,NULL,1.330,'LOST','2024-06-17 15:23:27'),(208,51054328765,494350326,'2024-06-17 16:00:00','Belgium','Slovakia','UEFA European Championship 2024','Handicap 1 (-0.75)',NULL,'0:1 (0:1,0:0)',1.563,'LOST','2024-06-17 21:13:06'),(209,51054332377,494350334,'2024-06-17 19:00:00','Austria','France','UEFA European Championship 2024','Handicap 2 (-1)',NULL,'0:1 (0:1,0:0)',2.044,'DRAW','2024-06-17 21:13:06'),(210,51055139075,520022286,'2024-06-17 13:00:00','Romania','Ukraine','UEFA European Championship 2024','Total Under (2.5)',NULL,NULL,1.754,'LOST','2024-06-17 15:24:14'),(211,51055152773,494350326,'2024-06-17 16:00:00','Belgium','Slovakia','UEFA European Championship 2024','Handicap 1 (-0.75)',NULL,'0:1 (0:1,0:0)',1.553,'LOST','2024-06-17 21:13:06'),(212,51055160015,494350334,'2024-06-17 19:00:00','Austria','France','UEFA European Championship 2024','Handicap 1 (1.5)',NULL,'0:1 (0:1,0:0)',1.480,'WIN','2024-06-17 21:13:06'),(213,51055209663,494350334,'2024-06-17 19:00:00','Austria','France','UEFA European Championship 2024','Handicap 1 (1.5)',NULL,'0:1 (0:1,0:0)',1.470,'WIN','2024-06-17 21:13:06'),(214,51055209663,494350326,'2024-06-17 16:00:00','Belgium','Slovakia','UEFA European Championship 2024','Handicap 1 (-0.75)',NULL,'0:1 (0:1,0:0)',1.553,'LOST','2024-06-17 21:13:06'),(215,51055209663,520022286,'2024-06-17 13:00:00','Romania','Ukraine','UEFA European Championship 2024','Team 2 Not To Lose And Total < (2.5) - Yes',NULL,'3:0 (1:0,2:0)',2.030,'LOST','2024-06-17 21:13:06'),(216,51058208541,494350334,'2024-06-17 19:00:00','Austria','France','UEFA European Championship 2024','Total Over (2.5)',NULL,'0:1 (0:1,0:0)',1.877,'LOST','2024-06-17 21:13:06'),(217,51059609271,494350326,'2024-06-17 16:00:00','Belgium','Slovakia','UEFA European Championship 2024','Total Over (2)',NULL,'0:1 (0:1,0:0)',1.380,'LOST','2024-06-17 21:13:06'),(218,51059667329,539152216,'2024-06-17 13:00:00','Romania','Ukraine','UEFA European Championship 2024','Total Under (2.5)',NULL,NULL,1.780,'LOST','2024-06-17 15:24:50'),(219,51059574409,539152216,'2024-06-17 13:00:00','Romania','Ukraine','UEFA European Championship 2024','Total Over (2.5)',NULL,NULL,2.166,'WIN','2024-06-17 15:22:23'),(220,51060405773,539154318,'2024-06-17 13:00:00','Romania','Ukraine','UEFA European Championship 2024','Handicap 2 (-0.5)',NULL,'0:0 (0:0)',1.800,'LOST','2024-06-17 15:22:59'),(221,51063296631,494350326,'2024-06-17 16:00:00','Belgium','Slovakia','UEFA European Championship 2024','Team 1 To Win And Total > (1.5) - Yes',NULL,'0:1 (0:1,0:0)',1.750,'LOST','2024-06-17 21:13:05'),(222,51062698739,494350326,'2024-06-17 16:00:00','Belgium','Slovakia','UEFA European Championship 2024','Handicap 1 (-0.5)',NULL,'0:1 (0:1,0:0)',1.510,'LOST','2024-06-17 21:13:05'),(223,51063035833,494350326,'2024-06-17 16:00:00','Belgium','Slovakia','UEFA European Championship 2024','Handicap 1 (-0.5)',NULL,'0:1 (0:1,0:0)',1.501,'LOST','2024-06-17 21:13:05'),(224,51063799179,494350334,'2024-06-17 19:00:00','Austria','France','UEFA European Championship 2024','Handicap 2 (-1)',NULL,'0:1 (0:1,0:0)',1.991,'DRAW','2024-06-17 21:13:05'),(225,51064573657,494350326,'2024-06-17 16:00:00','Belgium','Slovakia','UEFA European Championship 2024','Handicap 1 (-1)',NULL,'0:1 (0:1,0:0)',1.754,'LOST','2024-06-17 21:13:05'),(226,51065335877,494350334,'2024-06-17 19:00:00','Austria','France','UEFA European Championship 2024','Handicap 2 (-0.5)',NULL,'0:1 (0:1,0:0)',1.603,'WIN','2024-06-17 21:13:05'),(241,51080551999,539400238,'2024-06-18 19:00:00','Portugal','Czech Republic','UEFA European Championship 2024','Handicap 1 (-1)',NULL,'2:1 (0:0,2:1)',1.000,'DRAW','2024-06-19 00:53:53'),(242,51093623565,539373167,'2024-06-18 16:00:00','Turkey','Georgia','UEFA European Championship 2024','Handicap 1 (-0.5)',NULL,'3:1 (1:1,2:0)',1.691,'WIN','2024-06-19 00:54:24'),(243,51093628401,539373167,'2024-06-18 16:00:00','Turkey','Georgia','UEFA European Championship 2024','Total Over (2)',NULL,'3:1 (1:1,2:0)',1.460,'WIN','2024-06-19 00:54:24'),(244,51093636775,539400238,'2024-06-18 19:00:00','Portugal','Czech Republic','UEFA European Championship 2024','Total Over (2)',NULL,'2:1 (0:0,2:1)',1.360,'WIN','2024-06-19 00:54:24'),(245,51093641361,539400238,'2024-06-18 19:00:00','Portugal','Czech Republic','UEFA European Championship 2024','Individual Total 1 Over (1.5)',NULL,'2:1 (0:0,2:1)',1.590,'WIN','2024-06-19 00:54:24'),(246,51093650159,539359520,'2024-06-18 14:45:00','Daniel Evans','Brandon Nakashima','ATP. London','Handicap 2 (-0.5)',NULL,'1:1 (6:4,3:6) (2111122121221221212) (Refusal Daniel Evans)',1.550,'WIN','2024-06-19 00:54:24'),(247,51093658469,539356132,'2024-06-18 14:45:00','Carlos Alcaraz Garfia','Francisco Cerundolo','ATP. London','Handicap 1 (-4)',NULL,'2:0 (6:1,7:5) (1111121222121211111)',1.440,'WIN','2024-06-19 00:54:24'),(248,51094189307,539370562,'2024-06-18 16:00:00','Turkey','Georgia','UEFA European Championship 2024','Shots Towards The Goal: Total Under (23.5)',NULL,'22:15 (11:6,11:9)',2.320,'LOST','2024-06-19 00:54:24'),(249,51083017249,539373167,'2024-06-18 16:00:00','Turkey','Georgia','UEFA European Championship 2024','Total Over (2.25)',NULL,'3:1 (1:1,2:0)',1.862,'WIN','2024-06-19 00:54:39'),(250,51083019391,539400238,'2024-06-18 19:00:00','Portugal','Czech Republic','UEFA European Championship 2024','Total Under (2.75)',NULL,'2:1 (0:0,2:1)',1.929,'HALF_LOST','2024-06-19 00:54:39'),(251,51082680973,539400238,'2024-06-18 19:00:00','Portugal','Czech Republic','UEFA European Championship 2024','Handicap 1 (-1.5)',NULL,'2:1 (0:0,2:1)',2.230,'LOST','2024-06-19 00:54:57'),(252,51082690037,539400238,'2024-06-18 19:00:00','Portugal','Czech Republic','UEFA European Championship 2024','Team 1 To Win And Total < (5.5) - Yes',NULL,'2:1 (0:0,2:1)',1.610,'WIN','2024-06-19 00:54:57'),(253,51082690037,539373167,'2024-06-18 16:00:00','Turkey','Georgia','UEFA European Championship 2024','Handicap 1 (-0.5)',NULL,'3:1 (1:1,2:0)',1.727,'WIN','2024-06-19 00:54:57'),(254,51083553415,539400238,'2024-06-18 19:00:00','Portugal','Czech Republic','UEFA European Championship 2024','Handicap 1 (-0.5)',NULL,'2:1 (0:0,2:1)',1.513,'WIN','2024-06-19 00:54:57'),(255,51113189395,528450175,'2024-06-19 13:00:00','Croatia','Albania','UEFA European Championship 2024','Total Under (2.5)',NULL,'2:2 (0:1,2:1)',1.935,'LOST','2024-06-19 15:12:55'),(257,51113387525,528450175,'2024-06-19 13:00:00','Croatia','Albania','UEFA European Championship 2024','Handicap 1 (-1.5)',NULL,'2:2 (0:1,2:1)',2.250,'LOST','2024-06-19 15:12:55'),(258,51113587883,528450494,'2024-06-19 16:00:00','Germany','Hungary','UEFA European Championship 2024','Handicap 1 (-2)',NULL,'2:0 (1:0,1:0)',2.190,'DRAW','2024-06-19 21:07:34'),(259,51113593303,528450494,'2024-06-19 16:00:00','Germany','Hungary','UEFA European Championship 2024','Handicap 1 (-2)',NULL,'2:0 (1:0,1:0)',2.190,'DRAW','2024-06-19 21:07:34'),(260,51114637175,528450494,'2024-06-19 16:00:00','Germany','Hungary','UEFA European Championship 2024','Handicap 1 (-1.5)',NULL,'2:0 (1:0,1:0)',1.814,'WIN','2024-06-19 21:07:34'),(261,51114678241,528450175,'2024-06-19 13:00:00','Croatia','Albania','UEFA European Championship 2024','Handicap 1 (-1.5)',NULL,'2:2 (0:1,2:1)',2.270,'LOST','2024-06-19 21:07:34'),(262,51114678241,528450494,'2024-06-19 16:00:00','Germany','Hungary','UEFA European Championship 2024','Team 1 To Win And Total < (4.5) - Yes',NULL,'2:0 (1:0,1:0)',1.680,'WIN','2024-06-19 21:07:34'),(263,51123783025,528450175,'2024-06-19 13:00:00','Croatia','Albania','UEFA European Championship 2024','Total Over (2.5)',NULL,'2:2 (0:1,2:1)',2.017,'WIN','2024-06-19 15:12:55'),(264,51123580421,528450175,'2024-06-19 13:00:00','Croatia','Albania','UEFA European Championship 2024','Team 1 Not To Lose And Total < (2.5) - Yes',NULL,'2:2 (0:1,2:1)',2.050,'LOST','2024-06-19 21:07:34'),(265,51123580421,528450887,'2024-06-19 19:00:00','Scotland','Switzerland','UEFA European Championship 2024','Team 2 Not To Lose And Total < (3.5) - Yes',NULL,'1:1 (1:1,0:0)',1.530,'WIN','2024-06-19 21:07:34'),(266,51123615773,528450887,'2024-06-19 19:00:00','Scotland','Switzerland','UEFA European Championship 2024','Both Teams To Score - Yes',NULL,'1:1 (1:1,0:0)',2.090,'WIN','2024-06-19 21:07:34'),(267,51123635161,528450494,'2024-06-19 16:00:00','Germany','Hungary','UEFA European Championship 2024','Individual Total 1 Over (1.5)',NULL,'2:0 (1:0,1:0)',1.300,'WIN','2024-06-19 21:07:34'),(268,51123761167,528450175,'2024-06-19 13:00:00','Croatia','Albania','UEFA European Championship 2024','Total Over (2)',NULL,'2:2 (0:1,2:1)',1.470,'WIN','2024-06-19 15:12:55'),(269,51123767225,528450175,'2024-06-19 13:00:00','Croatia','Albania','UEFA European Championship 2024','Total Over (2.5)',NULL,'2:2 (0:1,2:1)',2.017,'WIN','2024-06-19 15:12:55'),(270,51123940509,538614667,'2024-06-19 16:00:00','Germany','Hungary','UEFA European Championship 2024','Players\' stats: Kai Havertz To Score A Goal At Any Time - No',NULL,'{\"Result\" :  [{   \"P\" : \"2-0\"  }]  }',1.550,'WIN','2024-06-19 21:07:34'),(271,51124185717,528450494,'2024-06-19 16:00:00','Germany','Hungary','UEFA European Championship 2024','Penalty Awarded - No',NULL,'2:0 (1:0,1:0)',1.400,'WIN','2024-06-19 21:07:34'),(272,51127432613,528450494,'2024-06-19 16:00:00','Germany','Hungary','UEFA European Championship 2024','Total Over (3.25)',NULL,'2:0 (1:0,1:0)',2.052,'LOST','2024-06-19 21:07:34'),(273,51129123505,539546412,'2024-06-19 13:00:00','Croatia','Albania','UEFA European Championship 2024','Both Teams To Score - Yes',NULL,'2:2 (0:1,2:1)',1.592,'WIN','2024-06-19 15:12:55'),(274,51131176387,528450887,'2024-06-19 19:00:00','Scotland','Switzerland','UEFA European Championship 2024','Team 2 Not To Lose And Total < (3.5) - Yes',NULL,'1:1 (1:1,0:0)',1.540,'WIN','2024-06-19 21:07:34'),(275,51131176387,528450494,'2024-06-19 16:00:00','Germany','Hungary','UEFA European Championship 2024','Team 1 To Win And Total < (4.5) - Yes',NULL,'2:0 (1:0,1:0)',1.680,'WIN','2024-06-19 21:07:34'),(276,51124622061,539547061,'2024-06-19 16:00:00','UEFA European Championship 2024. Group A. Winner','','UEFA European Championship 2024. Winner','Germany Total Wins Over 2.5',NULL,NULL,2.000,'NOT_FINISHED','2024-06-19 15:12:15'),(277,51131523029,528450887,'2024-06-19 19:00:00','Scotland','Switzerland','UEFA European Championship 2024','Handicap 2 (-0.5)',NULL,'1:1 (1:1,0:0)',1.879,'LOST','2024-06-19 21:07:34'),(278,51160277929,528452396,'2024-06-20 13:00:00','Slovenia','Serbia','UEFA European Championship 2024','Total Over (2.5)',NULL,'1:1 (0:0,1:1)',1.964,'LOST','2024-06-20 15:12:02'),(279,51160284845,528452400,'2024-06-20 16:00:00','Denmark','England','UEFA European Championship 2024','Handicap 2 (-1)',NULL,'1:1 (1:1,0:0)',2.287,'LOST','2024-06-20 18:22:34'),(280,51160293023,528452400,'2024-06-20 16:00:00','Denmark','England','UEFA European Championship 2024','Total Over (2.25)',NULL,'1:1 (1:1,0:0)',2.040,'HALF_LOST','2024-06-20 18:22:34'),(281,51160299259,528452404,'2024-06-20 19:00:00','Spain','Italy','UEFA European Championship 2024','Handicap 1 (-0.5)',NULL,'1:0 (0:0,1:0)',2.306,'WIN','2024-06-20 21:22:34'),(282,51159930933,528452396,'2024-06-20 13:00:00','Slovenia','Serbia','UEFA European Championship 2024','Total Under (2.5)',NULL,'1:1 (0:0,1:1)',1.976,'WIN','2024-06-20 15:12:02'),(283,51159944263,528452400,'2024-06-20 16:00:00','Denmark','England','UEFA European Championship 2024','Handicap 2 (-0.75)',NULL,'1:1 (1:1,0:0)',1.821,'LOST','2024-06-20 18:22:34'),(284,51159965197,528452404,'2024-06-20 19:00:00','Spain','Italy','UEFA European Championship 2024','Total Over (2.25)',NULL,'1:0 (0:0,1:0)',2.029,'LOST','2024-06-20 21:07:34'),(285,51159978605,528452404,'2024-06-20 19:00:00','Spain','Italy','UEFA European Championship 2024','Both Teams To Score - Yes',NULL,'1:0 (0:0,1:0)',1.930,'LOST','2024-06-20 21:07:34'),(286,51159986643,528452396,'2024-06-20 13:00:00','Slovenia','Serbia','UEFA European Championship 2024','Total Over (2)',NULL,'1:1 (0:0,1:1)',1.430,'DRAW','2024-06-20 15:12:02'),(287,51159996293,528452400,'2024-06-20 16:00:00','Denmark','England','UEFA European Championship 2024','Total Over (2)',NULL,'1:1 (1:1,0:0)',1.666,'DRAW','2024-06-20 18:22:34'),(288,51160081421,528452396,'2024-06-20 13:00:00','Slovenia','Serbia','UEFA European Championship 2024','Total Under (3.5)',NULL,'1:1 (0:0,1:1)',1.330,'WIN','2024-06-20 15:12:02'),(289,51156157143,528452396,'2024-06-20 13:00:00','Slovenia','Serbia','UEFA European Championship 2024','Team 2 To Win And Total > (1.5) - Yes',NULL,'1:1 (0:0,1:1)',2.170,'LOST','2024-06-20 18:22:34'),(290,51156157143,528452400,'2024-06-20 16:00:00','Denmark','England','UEFA European Championship 2024','Team 2 To Win And Total > (1.5) - Yes',NULL,'1:1 (1:1,0:0)',2.170,'LOST','2024-06-20 18:22:34'),(291,51156164319,528452404,'2024-06-20 19:00:00','Spain','Italy','UEFA European Championship 2024','Handicap 1 (-0.5)',NULL,'1:0 (0:0,1:0)',2.275,'WIN','2024-06-20 21:22:34'),(292,51162505297,539753493,'2024-06-20 13:00:00','Slovenia','Serbia','UEFA European Championship 2024','Handicap 2 (-0.5)',NULL,'1:1 (0:0,1:1)',1.725,'LOST','2024-06-20 15:12:02'),(293,51163991085,520443622,'2024-06-21 00:00:00','Argentina','Canada','Copa America','Handicap 2 (1.5)',NULL,'2:0 (0:0,2:0)',2.003,'LOST','2024-06-21 02:22:34'),(294,51168887535,528452400,'2024-06-20 16:00:00','Denmark','England','UEFA European Championship 2024','Handicap 1 (0.5)',NULL,'1:1 (1:1,0:0)',2.205,'WIN','2024-06-20 18:22:34'),(295,51171256123,539781408,'2024-06-20 16:00:00','Denmark','England','UEFA European Championship 2024','Handicap 2 (-1.5)',NULL,'1:1 (1:1,0:0)',2.170,'LOST','2024-06-21 00:50:22'),(296,51199663003,539954539,'2024-06-21 13:00:00','Slovakia','Ukraine','UEFA European Championship 2024','Total Under (2.5)',NULL,'1:2 (1:0,0:2)',1.825,'LOST','2024-06-21 15:07:34'),(297,51199668431,539954539,'2024-06-21 13:00:00','Slovakia','Ukraine','UEFA European Championship 2024','Total Over (1.5)',NULL,'1:2 (1:0,0:2)',1.330,'WIN','2024-06-21 15:07:34'),(298,51199677121,529018046,'2024-06-21 16:00:00','Poland','Austria','UEFA European Championship 2024','Both Teams To Score - Yes',NULL,'1:3 (1:1,0:2)',1.930,'WIN','2024-06-21 18:07:34'),(299,51199688153,528902262,'2024-06-21 19:00:00','Netherlands','France','UEFA European Championship 2024','Individual Total 2 Over (1)',NULL,'0:0 (0:0,0:0)',1.500,'LOST','2024-06-21 21:22:34'),(300,51198524647,539954539,'2024-06-21 13:00:00','Slovakia','Ukraine','UEFA European Championship 2024','Handicap 2 (-0.25)',NULL,'1:2 (1:0,0:2)',1.993,'WIN','2024-06-21 15:07:34'),(301,51198031577,528902262,'2024-06-21 19:00:00','Netherlands','France','UEFA European Championship 2024','Team 2 Not To Lose And Total < (3.5) - Yes',NULL,'0:0 (0:0,0:0)',1.770,'WIN','2024-06-21 21:22:34'),(302,51198068823,529018046,'2024-06-21 16:00:00','Poland','Austria','UEFA European Championship 2024','Team 2 Not To Lose And Total > (1.5) - Yes',NULL,'1:3 (1:1,0:2)',1.770,'WIN','2024-06-21 18:07:34'),(303,51198068823,539954539,'2024-06-21 13:00:00','Slovakia','Ukraine','UEFA European Championship 2024','Team 2 Not To Lose And Total < (4.5) - Yes',NULL,'1:2 (1:0,0:2)',1.520,'WIN','2024-06-21 18:07:34'),(305,51205069041,528902262,'2024-06-21 19:00:00','Netherlands','France','UEFA European Championship 2024','Handicap 1 (0.5)',NULL,'0:0 (0:0,0:0)',1.684,'WIN','2024-06-21 21:22:34'),(306,51204831767,528902262,'2024-06-21 19:00:00','Netherlands','France','UEFA European Championship 2024','Total Over (2.5)',NULL,'0:0 (0:0,0:0)',2.101,'LOST','2024-06-21 21:22:34'),(307,51205426971,529018046,'2024-06-21 16:00:00','Poland','Austria','UEFA European Championship 2024','Handicap 1 (0)',NULL,'1:3 (1:1,0:2)',3.020,'LOST','2024-06-21 18:07:34'),(308,51206024917,529018046,'2024-06-21 16:00:00','Poland','Austria','UEFA European Championship 2024','Handicap 2 (-0.5)',NULL,'1:3 (1:1,0:2)',2.071,'WIN','2024-06-21 18:07:34'),(309,51231844375,533155917,'2024-06-22 13:00:00','Georgia','Czech Republic','UEFA European Championship 2024','Handicap 1 (0.75)',NULL,'1:1 (1:0,0:1)',1.790,'WIN','2024-06-22 15:07:35'),(310,51231734863,533155917,'2024-06-22 13:00:00','Georgia','Czech Republic','UEFA European Championship 2024','Total Over (2.5)',NULL,'1:1 (1:0,0:1)',1.976,'LOST','2024-06-22 15:07:35'),(311,51231807381,528902258,'2024-06-22 16:00:00','Turkey','Portugal','UEFA European Championship 2024','Handicap 2 (-1)',NULL,'0:3 (0:2,0:1)',2.101,'WIN','2024-06-22 18:07:34'),(312,51227597581,533155917,'2024-06-22 13:00:00','Georgia','Czech Republic','UEFA European Championship 2024','Team 2 Not To Lose And Total < (3.5) - Yes',NULL,'1:1 (1:0,0:1)',1.680,'WIN','2024-06-22 21:07:34'),(313,51227597581,528902266,'2024-06-22 19:00:00','Belgium','Romania','UEFA European Championship 2024','Team 1 To Win And Total > (2.5) - Yes',NULL,'2:0 (1:0,1:0)',2.180,'LOST','2024-06-22 21:07:34'),(314,51227604193,528902258,'2024-06-22 16:00:00','Turkey','Portugal','UEFA European Championship 2024','Team 2 To Win And Total > (1.5) - Yes',NULL,'0:3 (0:2,0:1)',1.890,'WIN','2024-06-22 18:07:34'),(315,51235998115,533155917,'2024-06-22 13:00:00','Georgia','Czech Republic','UEFA European Championship 2024','Total Over (2)',NULL,'1:1 (1:0,0:1)',1.350,'DRAW','2024-06-22 15:07:35'),(316,51236003461,533155917,'2024-06-22 13:00:00','Georgia','Czech Republic','UEFA European Championship 2024','Both Teams To Score - Yes',NULL,'1:1 (1:0,0:1)',1.680,'WIN','2024-06-22 15:07:35'),(317,51236020751,528902258,'2024-06-22 16:00:00','Turkey','Portugal','UEFA European Championship 2024','Both Teams To Score - Yes',NULL,'0:3 (0:2,0:1)',1.710,'LOST','2024-06-22 18:07:34'),(318,51236028871,528902266,'2024-06-22 19:00:00','Belgium','Romania','UEFA European Championship 2024','Total Over (2.5)',NULL,'2:0 (1:0,1:0)',1.769,'LOST','2024-06-22 21:07:34'),(319,51236724535,540177125,'2024-06-22 13:00:00','Georgia','Czech Republic','UEFA European Championship 2024','Total Over (2.5)',NULL,'1:1 (1:0,0:1)',1.856,'LOST','2024-06-22 15:07:35'),(320,51236734443,528902258,'2024-06-22 16:00:00','Turkey','Portugal','UEFA European Championship 2024','Handicap 2 (-1)',NULL,'0:3 (0:2,0:1)',2.101,'WIN','2024-06-22 18:07:34'),(321,51236742069,528902266,'2024-06-22 19:00:00','Belgium','Romania','UEFA European Championship 2024','Total Under (2.75)',NULL,'2:0 (1:0,1:0)',1.980,'WIN','2024-06-22 21:07:34'),(322,51243701767,540205770,'2024-06-22 16:00:00','Turkey','Portugal','UEFA European Championship 2024','Handicap 1 (1.25)',NULL,'0:3 (0:2,0:1)',1.680,'LOST','2024-06-22 18:07:34'),(323,51243713637,528902266,'2024-06-22 19:00:00','Belgium','Romania','UEFA European Championship 2024','Handicap 1 (-0.75)',NULL,'2:0 (1:0,1:0)',1.525,'WIN','2024-06-22 21:07:34'),(324,51258440557,497632285,'2024-06-23 01:00:00','Mexico','Jamaica','Copa America','Both Teams To Score - Yes',NULL,'1:0 (0:0,1:0)',1.940,'LOST','2024-06-23 03:22:34'),(325,51258449655,539901758,'2024-06-23 01:00:00','Coachella Valley Firebirds','Hershey Bears','AHL','Total Over (5.5)',NULL,'2:3 (1:1,0:0,1:2)',1.860,'LOST','2024-06-23 03:52:34'),(326,51258473425,539945898,'2024-06-23 01:00:00','C.D. Universidad de Concepcion','Leones Quilpue','Chile Championship','Total Under (156.5)',NULL,'89:87 (14:25,18:20,32:17,25:25)',1.840,'LOST','2024-06-23 03:22:34'),(327,51260460179,540286292,'2024-06-23 01:00:00','Mexico','Jamaica','Copa America','Total Under (3)',NULL,'1:0 (0:0,1:0)',1.640,'WIN','2024-06-23 03:22:34'),(328,51263626749,539111289,'2024-06-23 05:00:00','Consadole Sapporo','Yokohama F. Marinos','Japan. J-League','Handicap 1 (0.5)',NULL,'0:1 (0:0,0:1)',1.766,'LOST','2024-06-23 07:07:34'),(329,51263636867,533279446,'2024-06-23 19:00:00','Switzerland','Germany','UEFA European Championship 2024','Handicap 2 (-0.75)',NULL,NULL,1.802,'NOT_FINISHED','2024-06-23 04:34:50'),(330,51263643985,535873012,'2024-06-23 19:00:00','Scotland','Hungary','UEFA European Championship 2024','Handicap 1 (0)',NULL,NULL,2.028,'NOT_FINISHED','2024-06-23 04:34:50'),(331,51266178151,533279446,'2024-06-23 19:00:00','Switzerland','Germany','UEFA European Championship 2024','Handicap 2 (-1)',NULL,NULL,2.248,'NOT_FINISHED','2024-06-23 07:36:23'),(332,51266206457,533279446,'2024-06-23 19:00:00','Switzerland','Germany','UEFA European Championship 2024','Team 2 To Win And Total > (1.5) - Yes',NULL,NULL,2.030,'NOT_FINISHED','2024-06-23 07:36:23'),(333,51266206457,535873012,'2024-06-23 19:00:00','Scotland','Hungary','UEFA European Championship 2024','Team 2 Not To Lose And Total < (4.5) - Yes',NULL,NULL,1.727,'NOT_FINISHED','2024-06-23 07:36:23');
/*!40000 ALTER TABLE `BetMatchDetail` ENABLE KEYS */;
UNLOCK TABLES;

--
-- Table structure for table `Player`
--

DROP TABLE IF EXISTS `Player`;
/*!40101 SET @saved_cs_client     = @@character_set_client */;
/*!50503 SET character_set_client = utf8mb4 */;
CREATE TABLE `Player` (
  `playerId` varchar(16) NOT NULL,
  `playerName` varchar(255) DEFAULT NULL,
  `avatarUrl` varchar(255) DEFAULT NULL,
  `totalProfit` bigint DEFAULT NULL,
  `telegramId` varchar(16) DEFAULT NULL,
  PRIMARY KEY (`playerId`)
) ENGINE=InnoDB DEFAULT CHARSET=utf8mb4 COLLATE=utf8mb4_0900_ai_ci;
/*!40101 SET character_set_client = @saved_cs_client */;

--
-- Dumping data for table `Player`
--

LOCK TABLES `Player` WRITE;
/*!40000 ALTER TABLE `Player` DISABLE KEYS */;
INSERT INTO `Player` VALUES ('100002362515754','Duy Nguyn','/avatar/DuyNguyen.webp',256979,'1498766149'),('100004056801368','Thanh Duy','/avatar/ThanhDuy.webp',-307850,'1325227167'),('100004533095969','Trung Anh','/avatar/TrungAnh.webp',-9790,''),('100004614064009','Bruno','/avatar/Bruno.webp',-67570,''),('100010972726703','Tn','/avatar/TanNguyen.webp',-146120,'');
/*!40000 ALTER TABLE `Player` ENABLE KEYS */;
UNLOCK TABLES;

--
-- Table structure for table `PlayerAssetHistory`
--

DROP TABLE IF EXISTS `PlayerAssetHistory`;
/*!40101 SET @saved_cs_client     = @@character_set_client */;
/*!50503 SET character_set_client = utf8mb4 */;
CREATE TABLE `PlayerAssetHistory` (
  `id` int NOT NULL AUTO_INCREMENT,
  `playerId` varchar(16) NOT NULL,
  `betId` bigint DEFAULT NULL,
  `paymentTime` timestamp NOT NULL,
  `action` varchar(64) NOT NULL,
  `paymentMethod` varchar(64) DEFAULT NULL,
  `amount` bigint NOT NULL,
  `assetBefore` bigint NOT NULL,
  `assetAfter` bigint NOT NULL,
  `updatedAt` timestamp NOT NULL DEFAULT CURRENT_TIMESTAMP ON UPDATE CURRENT_TIMESTAMP,
  PRIMARY KEY (`id`),
  KEY `idx_playerId_paymentTime` (`playerId`,`paymentTime`)
) ENGINE=InnoDB AUTO_INCREMENT=301 DEFAULT CHARSET=utf8mb4 COLLATE=utf8mb4_0900_ai_ci;
/*!40101 SET character_set_client = @saved_cs_client */;

--
-- Dumping data for table `PlayerAssetHistory`
--

LOCK TABLES `PlayerAssetHistory` WRITE;
/*!40000 ALTER TABLE `PlayerAssetHistory` DISABLE KEYS */;
INSERT INTO `PlayerAssetHistory` VALUES (132,'100004056801368',50952342189,'2024-06-14 19:39:14','BET_WIN',NULL,19500,0,19500,'2024-06-14 19:39:14'),(133,'100004056801368',50951174541,'2024-06-14 19:39:14','BET_WIN',NULL,18600,19500,38100,'2024-06-14 19:39:14'),(134,'100002362515754',50952003761,'2024-06-14 21:39:14','BET_WIN',NULL,50760,0,50760,'2024-06-14 21:39:14'),(135,'100004056801368',50951980635,'2024-06-14 21:39:14','BET_WIN',NULL,48500,38100,86600,'2024-06-14 21:39:14'),(136,'100010972726703',50940621757,'2024-06-14 21:39:14','BET_WIN',NULL,27420,0,27420,'2024-06-14 21:39:14'),(137,'100010972726703',50940618915,'2024-06-14 21:39:14','BET_WIN',NULL,26310,27420,53730,'2024-06-14 21:39:14'),(138,'100004533095969',50939014613,'2024-06-14 21:39:14','BET_WIN',NULL,27000,0,27000,'2024-06-14 21:39:14'),(139,'100004614064009',50939010791,'2024-06-14 21:39:14','BET_WIN',NULL,5900,0,5900,'2024-06-14 21:39:14'),(141,'100004056801368',50983712599,'2024-06-15 15:21:02','BET_WIN',NULL,35000,86600,121600,'2024-06-15 15:21:02'),(142,'100004056801368',50983704533,'2024-06-15 15:21:02','BET_WIN',NULL,53500,121600,175100,'2024-06-15 15:21:02'),(143,'100004614064009',50977408557,'2024-06-15 15:21:02','BET_LOST',NULL,-20000,5900,-14100,'2024-06-15 15:21:02'),(144,'100004533095969',50975606043,'2024-06-15 15:21:02','BET_LOST',NULL,-20000,27000,7000,'2024-06-15 15:21:02'),(145,'100010972726703',50973960463,'2024-06-15 15:21:02','BET_LOST',NULL,-30000,53730,23730,'2024-06-15 15:21:02'),(146,'100010972726703',50973956023,'2024-06-15 15:21:02','BET_WIN',NULL,23670,23730,47400,'2024-06-15 15:21:02'),(147,'100010972726703',50992531589,'2024-06-15 21:51:55','BET_WIN',NULL,32520,47400,79920,'2024-06-15 21:51:57'),(148,'100004533095969',50992462089,'2024-06-15 21:51:56','BET_LOST',NULL,-20000,7000,-13000,'2024-06-15 21:51:58'),(149,'100004056801368',50989177217,'2024-06-15 21:51:56','BET_WIN',NULL,29500,175100,204600,'2024-06-15 21:51:58'),(150,'100002362515754',50988730563,'2024-06-15 21:51:56','BET_WIN',NULL,78000,50760,128760,'2024-06-15 21:51:58'),(151,'100004056801368',50982956553,'2024-06-15 21:51:56','BET_WIN',NULL,58300,204600,262900,'2024-06-15 21:51:58'),(152,'100004614064009',50976733373,'2024-06-15 21:51:56','BET_WIN',NULL,19240,-14100,5140,'2024-06-15 21:51:58'),(153,'100002362515754',50975782619,'2024-06-15 21:51:56','BET_LOST',NULL,-100000,128760,28760,'2024-06-15 21:51:58'),(154,'100002362515754',50975733235,'2024-06-15 21:51:57','BET_WIN',NULL,96200,28760,124960,'2024-06-15 21:51:58'),(155,'100004533095969',50975612743,'2024-06-15 21:51:57','BET_WIN',NULL,24680,-13000,11680,'2024-06-15 21:51:58'),(156,'100010972726703',50973970373,'2024-06-15 21:51:57','BET_LOST',NULL,-30000,79920,49920,'2024-06-15 21:51:59'),(157,'100010972726703',50973967673,'2024-06-15 21:51:57','BET_LOST',NULL,-30000,49920,19920,'2024-06-15 21:51:59'),(158,'100004056801368',51026203443,'2024-06-16 15:49:52','BET_WIN',NULL,39500,262900,302400,'2024-06-16 15:49:52'),(159,'100004056801368',51023882715,'2024-06-16 15:49:52','BET_WIN',NULL,47600,302400,350000,'2024-06-16 15:49:52'),(160,'100004056801368',51021347247,'2024-06-16 15:49:52','BET_WIN',NULL,34000,350000,384000,'2024-06-16 15:49:52'),(161,'100010972726703',51014542563,'2024-06-16 15:49:53','BET_WIN',NULL,29430,19920,49350,'2024-06-16 15:49:52'),(162,'100002362515754',51012715193,'2024-06-16 15:49:53','BET_LOST',NULL,-30000,124960,94960,'2024-06-16 15:49:52'),(163,'100004614064009',51023917751,'2024-06-16 23:31:51','BET_WIN',NULL,10180,5140,15320,'2024-06-16 23:31:50'),(164,'100004614064009',51023907225,'2024-06-16 23:31:51','BET_LOST',NULL,-10000,15320,5320,'2024-06-16 23:31:51'),(165,'100002362515754',51021552719,'2024-06-16 23:31:51','BET_WIN',NULL,112000,94960,206960,'2024-06-16 23:31:51'),(166,'100002362515754',51021523219,'2024-06-16 23:31:51','BET_LOST',NULL,-100000,206960,106960,'2024-06-16 23:31:51'),(167,'100004056801368',51021384505,'2024-06-16 23:31:51','BET_LOST',NULL,-50000,384000,334000,'2024-06-16 23:31:51'),(168,'100004056801368',51021358419,'2024-06-16 23:31:51','BET_LOST',NULL,-50000,334000,284000,'2024-06-16 23:31:51'),(169,'100004533095969',51019198447,'2024-06-16 23:31:51','BET_LOST',NULL,-20000,11680,-8320,'2024-06-16 23:31:51'),(170,'100004533095969',51019186593,'2024-06-16 23:31:51','BET_LOST',NULL,-20000,-8320,-28320,'2024-06-16 23:31:51'),(171,'100010972726703',51014530515,'2024-06-16 23:31:51','BET_LOST',NULL,-30000,49350,19350,'2024-06-16 23:31:51'),(172,'100010972726703',51012730837,'2024-06-16 23:31:51','BET_LOST',NULL,-30000,19350,-10650,'2024-06-16 23:31:51'),(173,'100002362515754',51012722143,'2024-06-16 23:31:51','BET_WIN',NULL,29730,106960,136690,'2024-06-16 23:31:51'),(174,'100002362515754',51059574409,'2024-06-17 15:22:23','BET_WIN',NULL,58300,136690,194990,'2024-06-17 15:22:23'),(175,'100004056801368',51060405773,'2024-06-17 15:22:59','BET_LOST',NULL,-50000,284000,234000,'2024-06-17 15:22:59'),(176,'100004614064009',51054324855,'2024-06-17 15:23:27','BET_LOST',NULL,-20000,5320,-14680,'2024-06-17 15:23:26'),(177,'100004533095969',51055139075,'2024-06-17 15:24:13','BET_LOST',NULL,-20000,-28320,-48320,'2024-06-17 15:24:13'),(178,'100004056801368',51059667329,'2024-06-17 15:24:50','BET_LOST',NULL,-50000,234000,184000,'2024-06-17 15:24:49'),(179,'100004056801368',51065335877,'2024-06-17 21:13:06','BET_WIN',NULL,30150,184000,214150,'2024-06-17 21:13:05'),(180,'100004533095969',51064573657,'2024-06-17 21:13:06','BET_LOST',NULL,-50000,-48320,-98320,'2024-06-17 21:13:05'),(181,'100002362515754',51063296631,'2024-06-17 21:13:06','BET_LOST',NULL,-100000,194990,94990,'2024-06-17 21:13:05'),(182,'100004056801368',51063035833,'2024-06-17 21:13:06','BET_LOST',NULL,-50000,214150,164150,'2024-06-17 21:13:05'),(183,'100004056801368',51062698739,'2024-06-17 21:13:06','BET_LOST',NULL,-50000,164150,114150,'2024-06-17 21:13:05'),(184,'100004056801368',51059609271,'2024-06-17 21:13:06','BET_LOST',NULL,-50000,114150,64150,'2024-06-17 21:13:05'),(185,'100004056801368',51058208541,'2024-06-17 21:13:06','BET_LOST',NULL,-50000,64150,14150,'2024-06-17 21:13:05'),(186,'100002362515754',51055209663,'2024-06-17 21:13:06','BET_LOST',NULL,-20000,94990,74990,'2024-06-17 21:13:05'),(187,'100004533095969',51055160015,'2024-06-17 21:13:06','BET_WIN',NULL,9600,-98320,-88720,'2024-06-17 21:13:05'),(188,'100004533095969',51055152773,'2024-06-17 21:13:06','BET_LOST',NULL,-20000,-88720,-108720,'2024-06-17 21:13:05'),(189,'100002362515754',51054365327,'2024-06-17 21:13:06','BET_LOST',NULL,-100000,74990,-25010,'2024-06-17 21:13:05'),(190,'100004614064009',51054328765,'2024-06-17 21:13:06','BET_LOST',NULL,-20000,-14680,-34680,'2024-06-17 21:13:05'),(191,'100010972726703',51050844561,'2024-06-17 21:13:06','BET_LOST',NULL,-30000,19350,-10650,'2024-06-19 00:46:25'),(192,'100004533095969',NULL,'2024-06-18 00:28:00','DEPOSIT',NULL,108720,-108720,0,'2024-06-18 00:28:00'),(217,'100004056801368',51093658469,'2024-06-18 15:27:54','BET_WIN',NULL,44000,14150,58150,'2024-06-19 00:54:24'),(218,'100004056801368',51093650159,'2024-06-18 16:16:57','BET_WIN',NULL,55000,102150,157150,'2024-06-19 15:13:15'),(219,'100004056801368',51093628401,'2024-06-18 17:26:45','BET_WIN',NULL,46000,113150,159150,'2024-06-19 00:54:24'),(220,'100004056801368',51093623565,'2024-06-18 18:02:51','BET_WIN',NULL,69100,159150,228250,'2024-06-19 00:54:24'),(221,'100004056801368',51094189307,'2024-06-18 18:26:28','BET_LOST',NULL,-100000,228250,128250,'2024-06-19 00:54:24'),(222,'100004056801368',51093641361,'2024-06-18 20:53:42','BET_WIN',NULL,59000,128250,187250,'2024-06-19 00:54:24'),(223,'100004056801368',51093636775,'2024-06-18 20:53:54','BET_WIN',NULL,36000,187250,223250,'2024-06-19 00:54:24'),(224,'100004614064009',51083017249,'2024-06-18 17:27:00','BET_WIN',NULL,17240,-34680,-17440,'2024-06-19 00:54:39'),(225,'100004614064009',51083019391,'2024-06-18 21:05:25','BET_LOST',NULL,-15000,-17440,-32440,'2024-06-19 00:54:39'),(226,'100002362515754',51082680973,'2024-06-18 20:57:08','BET_LOST',NULL,-100000,-25010,-125010,'2024-06-19 00:54:57'),(227,'100002362515754',51083553415,'2024-06-18 20:57:58','BET_WIN',NULL,1282,-125010,-123728,'2024-06-19 00:54:57'),(228,'100002362515754',51082690037,'2024-06-18 21:01:52','BET_WIN',NULL,178047,-123728,54319,'2024-06-19 00:54:57'),(229,'100004056801368',51129123505,'2024-06-19 15:12:56','BET_WIN',NULL,59200,223250,282450,'2024-06-19 15:12:55'),(230,'100010972726703',51123783025,'2024-06-19 15:12:56','BET_WIN',NULL,40680,-40650,30,'2024-06-19 15:12:55'),(231,'100004056801368',51123767225,'2024-06-19 15:12:56','BET_WIN',NULL,101700,282450,384150,'2024-06-19 15:12:55'),(232,'100004056801368',51123761167,'2024-06-19 15:12:56','BET_WIN',NULL,47000,384150,431150,'2024-06-19 15:12:55'),(233,'100004533095969',51113387525,'2024-06-19 15:12:56','BET_LOST',NULL,-100000,0,-100000,'2024-06-19 15:12:55'),(234,'100004614064009',51113189395,'2024-06-19 15:12:56','BET_LOST',NULL,-20000,-32440,-52440,'2024-06-19 15:12:55'),(235,'100004614064009',51083017249,'2024-06-18 17:27:00','BET_WIN',NULL,17240,-34680,-17440,'2024-06-19 15:13:15'),(236,'100004614064009',51083019391,'2024-06-18 21:05:25','BET_LOST',NULL,-15000,-17440,-32440,'2024-06-19 15:13:15'),(237,'100004056801368',51093658469,'2024-06-18 15:27:54','BET_WIN',NULL,44000,58150,102150,'2024-06-19 15:13:15'),(238,'100004056801368',51093650159,'2024-06-18 16:16:57','BET_WIN',NULL,55000,157150,212150,'2024-06-19 15:13:15'),(239,'100004056801368',51093628401,'2024-06-18 17:26:45','BET_WIN',NULL,46000,212150,258150,'2024-06-19 15:13:15'),(240,'100004056801368',51093623565,'2024-06-18 18:02:51','BET_WIN',NULL,69100,258150,327250,'2024-06-19 15:13:15'),(241,'100004056801368',51094189307,'2024-06-18 18:26:28','BET_LOST',NULL,-100000,327250,227250,'2024-06-19 15:13:15'),(242,'100004056801368',51093641361,'2024-06-18 20:53:42','BET_WIN',NULL,59000,227250,286250,'2024-06-19 15:13:15'),(243,'100004056801368',51093636775,'2024-06-18 20:53:54','BET_WIN',NULL,36000,286250,322250,'2024-06-19 15:13:15'),(244,'100002362515754',51082680973,'2024-06-18 20:57:08','BET_LOST',NULL,-100000,-25010,-125010,'2024-06-19 15:13:15'),(245,'100002362515754',51083553415,'2024-06-18 20:57:58','BET_WIN',NULL,1282,-125010,-123728,'2024-06-19 15:13:15'),(246,'100002362515754',51082690037,'2024-06-18 21:01:52','BET_WIN',NULL,178047,-123728,54319,'2024-06-19 15:13:15'),(247,'100004056801368',51131523029,'2024-06-19 21:07:34','BET_LOST',NULL,-100000,431150,331150,'2024-06-19 21:07:34'),(248,'100002362515754',51131176387,'2024-06-19 21:07:34','BET_WIN',NULL,158720,54319,213039,'2024-06-19 21:07:34'),(249,'100010972726703',51127432613,'2024-06-19 21:07:34','BET_LOST',NULL,-100000,30,-99970,'2024-06-19 21:07:34'),(250,'100004056801368',51124185717,'2024-06-19 21:07:34','BET_WIN',NULL,40000,331150,371150,'2024-06-19 21:07:34'),(251,'100004056801368',51123940509,'2024-06-19 21:07:34','BET_WIN',NULL,55000,371150,426150,'2024-06-19 21:07:34'),(252,'100004056801368',51123635161,'2024-06-19 21:07:34','BET_WIN',NULL,30000,426150,456150,'2024-06-19 21:07:34'),(253,'100004056801368',51123615773,'2024-06-19 21:07:34','BET_WIN',NULL,109000,456150,565150,'2024-06-19 21:07:34'),(254,'100002362515754',51123580421,'2024-06-19 21:07:34','BET_LOST',NULL,-100000,213039,113039,'2024-06-19 21:07:34'),(255,'100002362515754',51114678241,'2024-06-19 21:07:34','BET_LOST',NULL,-100000,113039,13039,'2024-06-19 21:07:34'),(256,'100002362515754',51114637175,'2024-06-19 21:07:34','BET_WIN',NULL,81400,13039,94439,'2024-06-19 21:07:34'),(257,'100004056801368',51162505297,'2024-06-20 15:12:02','BET_LOST',NULL,-100000,565150,465150,'2024-06-20 15:12:02'),(258,'100004614064009',51160277929,'2024-06-20 15:12:02','BET_LOST',NULL,-20000,-52440,-72440,'2024-06-20 15:12:02'),(259,'100004056801368',51160081421,'2024-06-20 15:12:02','BET_WIN',NULL,33000,465150,498150,'2024-06-20 15:12:02'),(260,'100010972726703',51159930933,'2024-06-20 15:12:02','BET_WIN',NULL,48800,-99970,-51170,'2024-06-20 15:12:02'),(261,'100004533095969',51168887535,'2024-06-20 18:22:34','BET_WIN',NULL,36150,-100000,-63850,'2024-06-20 18:22:34'),(262,'100004614064009',51160293023,'2024-06-20 18:22:34','BET_LOST',NULL,-10000,-72440,-82440,'2024-06-20 18:22:34'),(263,'100004614064009',51160284845,'2024-06-20 18:22:34','BET_LOST',NULL,-20000,-82440,-102440,'2024-06-20 18:22:34'),(264,'100010972726703',51159944263,'2024-06-20 18:22:34','BET_LOST',NULL,-50000,-51170,-101170,'2024-06-20 18:22:34'),(265,'100002362515754',51156157143,'2024-06-20 18:22:34','BET_LOST',NULL,-100000,94439,-5561,'2024-06-20 18:22:34'),(266,'100004056801368',51159978605,'2024-06-20 21:07:34','BET_LOST',NULL,-100000,498150,398150,'2024-06-20 21:07:34'),(267,'100010972726703',51159965197,'2024-06-20 21:07:34','BET_LOST',NULL,-50000,-101170,-151170,'2024-06-20 21:07:34'),(268,'100004614064009',51160299259,'2024-06-20 21:22:34','BET_WIN',NULL,52240,-102440,-50200,'2024-06-20 21:22:34'),(269,'100002362515754',51156164319,'2024-06-20 21:22:34','BET_WIN',NULL,127500,-5561,121939,'2024-06-20 21:22:34'),(270,'100002362515754',51171256123,'2024-06-20 18:07:06','BET_LOST',NULL,-100000,121939,21939,'2024-06-21 00:50:22'),(271,'100004056801368',51163991085,'2024-06-21 02:22:34','BET_LOST',NULL,-100000,398150,298150,'2024-06-21 02:22:34'),(272,'100004056801368',51199668431,'2024-06-21 15:07:34','BET_WIN',NULL,33000,298150,331150,'2024-06-21 15:07:34'),(273,'100004056801368',51199663003,'2024-06-21 15:07:34','BET_LOST',NULL,-100000,331150,231150,'2024-06-21 15:07:34'),(274,'100004533095969',51198524647,'2024-06-21 15:07:34','BET_WIN',NULL,19860,-63850,-43990,'2024-06-21 15:07:34'),(275,'100004533095969',51206024917,'2024-06-21 18:07:34','BET_WIN',NULL,21420,-43990,-22570,'2024-06-21 18:07:34'),(276,'100004614064009',51205426971,'2024-06-21 18:07:34','BET_LOST',NULL,-20000,-50200,-70200,'2024-06-21 18:07:34'),(277,'100004056801368',51199677121,'2024-06-21 18:07:34','BET_WIN',NULL,93000,231150,324150,'2024-06-21 18:07:34'),(278,'100002362515754',51198068823,'2024-06-21 18:07:34','BET_WIN',NULL,169040,21939,190979,'2024-06-21 18:07:34'),(279,'100004533095969',51205069041,'2024-06-21 21:22:34','BET_WIN',NULL,13680,-22570,-8890,'2024-06-21 21:22:34'),(280,'100004614064009',51204831767,'2024-06-21 21:22:34','BET_LOST',NULL,-30000,-70200,-100200,'2024-06-21 21:22:34'),(281,'100004056801368',51199688153,'2024-06-21 21:22:34','BET_LOST',NULL,-200000,324150,124150,'2024-06-21 21:22:34'),(282,'100002362515754',51198031577,'2024-06-21 21:22:34','BET_WIN',NULL,77000,190979,267979,'2024-06-21 21:22:34'),(283,'100004614064009',51236724535,'2024-06-22 15:07:35','BET_LOST',NULL,-20000,-100200,-120200,'2024-06-22 15:07:35'),(284,'100004056801368',51236003461,'2024-06-22 15:07:35','BET_WIN',NULL,68000,124150,192150,'2024-06-22 15:07:35'),(285,'100004533095969',51231844375,'2024-06-22 15:07:35','BET_WIN',NULL,15800,-8890,6910,'2024-06-22 15:07:35'),(286,'100010972726703',51231734863,'2024-06-22 15:07:35','BET_LOST',NULL,-50000,-151170,-201170,'2024-06-22 15:07:35'),(287,'100004533095969',51243701767,'2024-06-22 18:07:34','BET_LOST',NULL,-20000,6910,-13090,'2024-06-22 18:07:34'),(288,'100004614064009',51236734443,'2024-06-22 18:07:34','BET_WIN',NULL,33030,-120200,-87170,'2024-06-22 18:07:34'),(289,'100004056801368',51236020751,'2024-06-22 18:07:34','BET_LOST',NULL,-100000,192150,92150,'2024-06-22 18:07:34'),(290,'100010972726703',51231807381,'2024-06-22 18:07:34','BET_WIN',NULL,55050,-201170,-146120,'2024-06-22 18:07:34'),(291,'100002362515754',51227604193,'2024-06-22 18:07:34','BET_WIN',NULL,89000,267979,356979,'2024-06-22 18:07:34'),(292,'100004533095969',51243713637,'2024-06-22 21:07:34','BET_WIN',NULL,10500,-13090,-2590,'2024-06-22 21:07:34'),(293,'100004614064009',51236742069,'2024-06-22 21:07:34','BET_WIN',NULL,19600,-87170,-67570,'2024-06-22 21:07:34'),(294,'100004056801368',51236028871,'2024-06-22 21:07:34','BET_LOST',NULL,-100000,92150,-7850,'2024-06-22 21:07:34'),(295,'100002362515754',51227597581,'2024-06-22 21:07:34','BET_LOST',NULL,-100000,356979,256979,'2024-06-22 21:07:34'),(296,'100004533095969',51260460179,'2024-06-23 03:22:34','BET_WIN',NULL,12800,-2590,10210,'2024-06-23 03:22:34'),(297,'100004056801368',51258473425,'2024-06-23 03:22:34','BET_LOST',NULL,-100000,-7850,-107850,'2024-06-23 03:22:34'),(298,'100004056801368',51258440557,'2024-06-23 03:22:34','BET_LOST',NULL,-100000,-107850,-207850,'2024-06-23 03:22:34'),(299,'100004056801368',51258449655,'2024-06-23 03:52:34','BET_LOST',NULL,-100000,-207850,-307850,'2024-06-23 03:52:34'),(300,'100004533095969',51263626749,'2024-06-23 07:07:34','BET_LOST',NULL,-20000,10210,-9790,'2024-06-23 07:07:34');
/*!40000 ALTER TABLE `PlayerAssetHistory` ENABLE KEYS */;
UNLOCK TABLES;

--
-- Table structure for table `TeamData`
--

DROP TABLE IF EXISTS `TeamData`;
/*!40101 SET @saved_cs_client     = @@character_set_client */;
/*!50503 SET character_set_client = utf8mb4 */;
CREATE TABLE `TeamData` (
  `teamName` varchar(255) NOT NULL,
  `logoUrl` varchar(2048) NOT NULL,
  `vnTeamName` varchar(255) DEFAULT NULL,
  PRIMARY KEY (`teamName`)
) ENGINE=InnoDB DEFAULT CHARSET=utf8mb4 COLLATE=utf8mb4_0900_ai_ci;
/*!40101 SET character_set_client = @saved_cs_client */;

--
-- Dumping data for table `TeamData`
--

LOCK TABLES `TeamData` WRITE;
/*!40000 ALTER TABLE `TeamData` DISABLE KEYS */;
INSERT INTO `TeamData` VALUES ('','https://v2l.cdnsfree.com/sfiles/logo_teams/teamdefault.png',NULL),('Al Ahly Cairo','https://v2l.cdnsfree.com/sfiles/logo_teams/11385.png',NULL),('Albania','https://v2l.cdnsfree.com/sfiles/logo_teams/11835.png',NULL),('Argentina','https://v2l.cdnsfree.com/sfiles/logo_teams/12601.png',NULL),('Arsenal','https://v2l.cdnsfree.com/sfiles/logo_teams/08a25897e35d75d7261a8095b9599aad.png',NULL),('Aston Villa','https://v2l.cdnsfree.com/sfiles/logo_teams/1976.png',NULL),('Atletico Madrid','https://v2l.cdnsfree.com/sfiles/logo_teams/11551.png',NULL),('Australia (Women)','https://v2l.cdnsfree.com/sfiles/logo_teams/14061.png','o (N)'),('Austria','https://v2l.cdnsfree.com/sfiles/logo_teams/11809.png','o'),('Bayern Munich','https://v2l.cdnsfree.com/sfiles/logo_teams/d6760659f9d1041cfd6f177b9bedec94.PNG',NULL),('Belgium','https://v2l.cdnsfree.com/sfiles/logo_teams/78a46feaa0803d2272f3fc59cc8c2b41.png','B'),('Bournemouth','https://v2l.cdnsfree.com/sfiles/logo_teams/66cc758c57af843283eff5c35867a8c7.png',NULL),('Brandon Nakashima','https://v2l.cdnsfree.com/sfiles/logo_teams/718cf20738e8329b2b0332f802d2ea78.png',NULL),('Brentford','https://v2l.cdnsfree.com/sfiles/logo_teams/2064.png',NULL),('Brighton & Hove Albion','https://v2l.cdnsfree.com/sfiles/logo_teams/2026.png',NULL),('Burnley','https://v2l.cdnsfree.com/sfiles/logo_teams/1fdefef8e752eb221b66429cc05daef4.png',NULL),('C.D. Universidad de Concepcion','https://v2l.cdnsfree.com/sfiles/logo_teams/253a5190df82e23367ee49127b5c873a.png',NULL),('Cagliari Calcio','https://v2l.cdnsfree.com/sfiles/logo_teams/3546.png',NULL),('Canada','https://v2l.cdnsfree.com/sfiles/logo_teams/0977c241b8af2d2cae64dfa8f9e610a6.png',NULL),('Carlos Alcaraz Garfia','https://v2l.cdnsfree.com/sfiles/logo_teams/83e864d5d1b3a372eec7c713bf39ccf0.png',NULL),('Celta','https://v2l.cdnsfree.com/sfiles/logo_teams/fadddef16fb3f0768be2989065e9be6b.png',NULL),('Chelsea','https://v2l.cdnsfree.com/sfiles/logo_teams/4d19a56f7c6e34c48f0f5e0f07bf9ac5.png',NULL),('Cincinnati','https://v2l.cdnsfree.com/sfiles/logo_teams/e5f0b526e100cbb7066c0e97cf082f60.png',NULL),('Coachella Valley Firebirds','https://v2l.cdnsfree.com/sfiles/logo_teams/a0aee47c6d040bf9f1a4dfd0398cc643.png',NULL),('Consadole Sapporo','https://v2l.cdnsfree.com/sfiles/logo_teams/5836.png',NULL),('Copa America. 2024. Top goalscorer','https://v2l.cdnsfree.com/sfiles/logo_teams/teamdefault.png','Copa America. 2024: Vua ph li'),('Copa America. 2024. Winner','https://v2l.cdnsfree.com/sfiles/logo_teams/teamdefault.png','Copa America. 2024: i v ch'),('Croatia','https://v2l.cdnsfree.com/sfiles/logo_teams/12739.png',NULL),('Crystal Palace','https://v2l.cdnsfree.com/sfiles/logo_teams/2020.png',NULL),('Czech Republic','https://v2l.cdnsfree.com/sfiles/logo_teams/fbb4d877e769ce92d4399466c5f2b0b0.png','Cng ha Sc'),('Daniel Evans','https://v2l.cdnsfree.com/sfiles/logo_teams/8ee68852a84acebab77a29c818fade39.png',NULL),('Denmark','https://v2l.cdnsfree.com/sfiles/logo_teams/c74e2857cc52f1f884e4d9204e9c19a5.png','an Mch'),('England','https://v2l.cdnsfree.com/sfiles/logo_teams/12763.png','Anh'),('England (Women)','https://v2l.cdnsfree.com/sfiles/logo_teams/14819.png','Anh (N)'),('Everton','https://v2l.cdnsfree.com/sfiles/logo_teams/1992.png',NULL),('FAR Rabat','https://v2l.cdnsfree.com/sfiles/logo_teams/5021c6d778dbfca7a6d72beca77388aa.png',NULL),('Farko','https://v2l.cdnsfree.com/sfiles/logo_teams/360328c23e60a5c40d9a62574ce44399.png',NULL),('France','https://v2l.cdnsfree.com/sfiles/logo_teams/efb8daee8b027b525edadb47fbd300b2.png','Php'),('Francisco Cerundolo','https://v2l.cdnsfree.com/sfiles/logo_teams/8c1570d1ad19842f22ef44827169dd66.png',NULL),('Fulham','https://v2l.cdnsfree.com/sfiles/logo_teams/1986.png',NULL),('FUS de Rabat','https://v2l.cdnsfree.com/sfiles/logo_teams/4076.png',NULL),('Georgia','https://v2l.cdnsfree.com/sfiles/logo_teams/12767.png',NULL),('Germany','https://v2l.cdnsfree.com/sfiles/logo_teams/2b7d9a9f081b747caced4aaad6f6890e.png','c'),('Granada','https://v2l.cdnsfree.com/sfiles/logo_teams/3472.png',NULL),('Hershey Bears','https://v2l.cdnsfree.com/sfiles/logo_teams/a7eb11ef2d67f908728613592e545d95.png',NULL),('Hibernian','https://v2l.cdnsfree.com/sfiles/logo_teams/af6e62a30a6f4d987ee548614bb4907b.png',NULL),('Hungary','https://v2l.cdnsfree.com/sfiles/logo_teams/12795.png',NULL),('Indonesia U23','https://v2l.cdnsfree.com/sfiles/logo_teams/38277.png',NULL),('Inter Miami','https://v2l.cdnsfree.com/sfiles/logo_teams/c90e36c29a220479b55837ef1299093e.png',NULL),('Internazionale Milano','https://v2l.cdnsfree.com/sfiles/logo_teams/284e78c3cca0ded862fbbe1dc58cc5b4.png',NULL),('Italy','https://v2l.cdnsfree.com/sfiles/logo_teams/12749.png',''),('Jamaica','https://v2l.cdnsfree.com/sfiles/logo_teams/12751.png',NULL),('Laos U23','https://v2l.cdnsfree.com/sfiles/logo_teams/34341.png',NULL),('Leones Quilpue','https://v2l.cdnsfree.com/sfiles/logo_teams/150433.png',NULL),('Liverpool','https://v2l.cdnsfree.com/sfiles/logo_teams/d3916206204ffc91b0471ff9484066d6.png',NULL),('Luton Town','https://v2l.cdnsfree.com/sfiles/logo_teams/2166.png',NULL),('Malaysia U23','https://v2l.cdnsfree.com/sfiles/logo_teams/30003.png',NULL),('Mallorca','https://v2l.cdnsfree.com/sfiles/logo_teams/3478.png',NULL),('Manchester City','https://v2l.cdnsfree.com/sfiles/logo_teams/57060f6368da70fbdfff37cb4b0280a5.png',NULL),('Manchester United','https://v2l.cdnsfree.com/sfiles/logo_teams/1996.png',NULL),('Mexico','https://v2l.cdnsfree.com/sfiles/logo_teams/12701.png',NULL),('Myanmar U23','https://v2l.cdnsfree.com/sfiles/logo_teams/13897.png',NULL),('Netherlands','https://v2l.cdnsfree.com/sfiles/logo_teams/13189.png','H Lan'),('Newcastle United','https://v2l.cdnsfree.com/sfiles/logo_teams/16f4b9522ff68b79b088d4c9da0939ee.png',NULL),('Nottingham Forest','https://v2l.cdnsfree.com/sfiles/logo_teams/2022.png',NULL),('Olympique de Marseille','https://v2l.cdnsfree.com/sfiles/logo_teams/27551.png',NULL),('Orgryte','https://v2l.cdnsfree.com/sfiles/logo_teams/6941fd17e35df2d05e4a14a4dbb9d856.png',NULL),('Panathinaikos','https://v2l.cdnsfree.com/sfiles/logo_teams/3006.png',NULL),('Philadelphia Union','https://v2l.cdnsfree.com/sfiles/logo_teams/42e62256a7383ea5c5048125bcd0688c.png',NULL),('Poland','https://v2l.cdnsfree.com/sfiles/logo_teams/12689.png','Ba Lan'),('Portugal','https://v2l.cdnsfree.com/sfiles/logo_teams/8138df1a48103759480c088328c311d0.png','B o Nha'),('PSV Eindhoven','https://v2l.cdnsfree.com/sfiles/logo_teams/8830b5ef7a958db8670ceea57116529d.png',NULL),('Rayo Vallecano','https://v2l.cdnsfree.com/sfiles/logo_teams/3458.png',NULL),('Real Madrid','https://v2l.cdnsfree.com/sfiles/logo_teams/65e3e972954419765c3ce21698edf6cb.png',NULL),('Romania','https://v2l.cdnsfree.com/sfiles/logo_teams/12801.png',NULL),('Scotland','https://v2l.cdnsfree.com/sfiles/logo_teams/12741.png',NULL),('Serbia','https://v2l.cdnsfree.com/sfiles/logo_teams/4adac0619ab89c05eaf9e946b9d6ac14.png',NULL),('Sevilla','https://v2l.cdnsfree.com/sfiles/logo_teams/3462.png',NULL),('Sheffield United','https://v2l.cdnsfree.com/sfiles/logo_teams/23575.png',NULL),('Slovakia','https://v2l.cdnsfree.com/sfiles/logo_teams/11805.png',NULL),('Slovenia','https://v2l.cdnsfree.com/sfiles/logo_teams/12657.png',NULL),('Spain','https://v2l.cdnsfree.com/sfiles/logo_teams/cb151152db93a8293a4bead299416b4c.png','Ty Ban Nha'),('Spain (Women)','https://v2l.cdnsfree.com/sfiles/logo_teams/14821.png',NULL),('Sturm Graz','https://v2l.cdnsfree.com/sfiles/logo_teams/1832.png',NULL),('Sundsvall','https://v2l.cdnsfree.com/sfiles/logo_teams/64c9fd5dd84263672fdd5d7250215f03.png',NULL),('Sweden (Women)','https://v2l.cdnsfree.com/sfiles/logo_teams/14703.png',NULL),('Switzerland','https://v2l.cdnsfree.com/sfiles/logo_teams/12399.png','Thu S'),('Thailand U23','https://v2l.cdnsfree.com/sfiles/logo_teams/29397.png',NULL),('Tottenham Hotspur','https://v2l.cdnsfree.com/sfiles/logo_teams/1984.png',NULL),('Turkey','https://v2l.cdnsfree.com/sfiles/logo_teams/d9bab32d9788ee18de8ccafb3e183368.png','Th Nh K'),('UEFA European Championship 2024. Group A. Winner','https://v2l.cdnsfree.com/sfiles/logo_teams/teamdefault.png',NULL),('UEFA European Championship 2024. Top goalscorer','https://v2l.cdnsfree.com/sfiles/logo_teams/teamdefault.png',NULL),('UEFA European Championship 2024. Winner','https://v2l.cdnsfree.com/sfiles/logo_teams/teamdefault.png',NULL),('Ukraine','https://v2l.cdnsfree.com/sfiles/logo_teams/11443d2443911634bd32ae45d6024a83.png',NULL),('Vietnam U23','https://v2l.cdnsfree.com/sfiles/logo_teams/13025.png',NULL),('Villarreal','https://v2l.cdnsfree.com/sfiles/logo_teams/3488.png',NULL),('Werder Bremen','https://v2l.cdnsfree.com/sfiles/logo_teams/c9255853da2a512b273306a46ab09f50.png',NULL),('West Ham United','https://v2l.cdnsfree.com/sfiles/logo_teams/1980.png',NULL),('Wolverhampton Wanderers','https://v2l.cdnsfree.com/sfiles/logo_teams/2058.png',NULL),('Yokohama F. Marinos','https://v2l.cdnsfree.com/sfiles/logo_teams/5828.png',NULL);
/*!40000 ALTER TABLE `TeamData` ENABLE KEYS */;
UNLOCK TABLES;
/*!40103 SET TIME_ZONE=@OLD_TIME_ZONE */;

/*!40101 SET SQL_MODE=@OLD_SQL_MODE */;
/*!40014 SET FOREIGN_KEY_CHECKS=@OLD_FOREIGN_KEY_CHECKS */;
/*!40014 SET UNIQUE_CHECKS=@OLD_UNIQUE_CHECKS */;
/*!40101 SET CHARACTER_SET_CLIENT=@OLD_CHARACTER_SET_CLIENT */;
/*!40101 SET CHARACTER_SET_RESULTS=@OLD_CHARACTER_SET_RESULTS */;
/*!40101 SET COLLATION_CONNECTION=@OLD_COLLATION_CONNECTION */;
/*!40111 SET SQL_NOTES=@OLD_SQL_NOTES */;

-- Dump completed on 2024-06-23 16:07:52
